offset,window_start,window_end,sales_fired,sales_js,sales_linf,sell_price_fired,sell_price_js,sell_price_linf,revenue_fired,revenue_js,revenue_linf,cat_id_fired,cat_id_js,cat_id_linf,state_id_fired,state_id_js,state_id_linf,sales_full_pipeline_fired,sales_fallback_method,investigator_top_score,investigator_top_slice
0,2015-09-25,2015-10-25,False,0.00026077344525237973,0.01657461713913322,False,8.854366652962817e-05,0.0032076137721299067,False,0.0003058381616269483,0.016220267188009063,False,0.0,0.0,False,0.0,0.0,True,within_slice:item_id=FOODS_1_046,0.009787129518636056,dept_id=FOODS_2
3,2015-09-28,2015-10-28,False,0.00011249669720388897,0.008244542196155114,False,6.545468976379724e-05,0.0023824264146844742,False,0.00019142928287354147,0.007922776148582611,False,0.0,0.0,False,0.0,0.0,True,within_slice:item_id=FOODS_1_031,0.006948483872922299,dept_id=FOODS_2
7,2015-10-02,2015-11-01,False,0.0002927870599172036,0.01644563918757458,False,5.152207504637204e-05,0.0019696969696969685,False,0.00028642922258932733,0.01619908765070055,False,0.0,0.0,False,0.0,0.0,True,within_slice:item_id=FOODS_1_031,0.008576828717340688,dept_id=HOBBIES_2
11,2015-10-06,2015-11-05,False,9.17532835647459e-05,0.005131421744325015,False,5.3705753196761906e-05,0.0017364505267731048,False,0.00022749215093943352,0.006874660584337999,False,0.0,0.0,False,0.0,0.0,True,within_slice:item_id=FOODS_1_031,0.0070668883194997,dept_id=HOBBIES_2
14,2015-10-09,2015-11-08,False,0.0001412251927817259,0.010772510046703543,False,6.149867140228769e-05,0.0018814488975779295,False,0.00020996222195890924,0.010573205169979394,False,0.0,0.0,False,0.0,0.0,True,within_slice:item_id=FOODS_1_031,0.006908056722198081,dept_id=HOBBIES_2
18,2015-10-13,2015-11-12,False,6.260299046035827e-05,0.003109047463886183,False,7.7367920102717e-05,0.002251004670359512,False,0.00019875583778251936,0.00598294775714131,False,0.0,0.0,False,0.0,0.0,True,within_slice:item_id=FOODS_1_046,0.005110099030257445,dept_id=HOBBIES_2
22,2015-10-17,2015-11-16,False,7.571062495264774e-05,0.0065575105897686115,False,5.423443774514689e-05,0.002268111219724124,False,0.00013934627061491263,0.0060008689040946805,False,0.0,0.0,False,0.0,0.0,True,within_slice:item_id=FOODS_1_046,0.005093480484497063,dept_id=HOBBIES_2
26,2015-10-21,2015-11-20,False,7.738299764609563e-05,0.0017611599869664651,False,5.950599382204674e-05,0.002164928858477244,False,0.00014157976569585836,0.0044262517649614405,False,0.0,0.0,False,0.0,0.0,True,within_slice:item_id=FOODS_1_046,0.00318472929089913,dept_id=HOBBIES_2
29,2015-10-24,2015-11-23,False,5.351418879992532e-05,0.0014994026284348844,False,6.27243318880877e-05,0.0021402193982839116,False,8.247247235415337e-05,0.0031489627457369357,False,0.0,0.0,False,0.0,0.0,True,within_slice:item_id=FOODS_1_046,77.14285714285715,item_id=FOODS_3_764
33,2015-10-28,2015-11-27,False,0.00016346244745730926,0.009859889214727913,False,6.531412918672533e-05,0.0023378950798305653,False,0.00018856360900135636,0.010358151406538507,False,0.0,0.0,False,0.0,0.0,True,within_slice:item_id=FOODS_1_046,77.14285714285715,item_id=FOODS_3_764
37,2015-11-01,2015-12-01,False,0.00011701338473591125,0.009121592266753575,False,6.113932972398292e-05,0.0024345606603671105,False,0.0001400735821676688,0.009291300097751698,False,0.0,0.0,False,0.0,0.0,True,within_slice:item_id=FOODS_1_046,138.00000000000003,item_id=FOODS_3_764
40,2015-11-04,2015-12-04,False,0.00010654527296400266,0.008435972629521005,False,5.8240004260688764e-05,0.002507059845769523,False,0.00014562589554732933,0.008490550667969998,False,0.0,0.0,False,0.0,0.0,True,within_slice:item_id=FOODS_1_046,145.71428571428572,item_id=FOODS_3_764
44,2015-11-08,2015-12-08,False,4.6990530268029175e-05,0.004396926251765021,False,5.14383012042984e-05,0.0024106657977625776,False,0.00011818046271993632,0.004722222222222183,False,0.0,0.0,False,0.0,0.0,True,within_slice:item_id=FOODS_1_031,229.71428571428575,item_id=FOODS_3_764
48,2015-11-12,2015-12-12,False,4.4793056989682955e-05,0.003410991636798033,False,4.3697982642841464e-05,0.0022401433691756206,False,0.00014012901470732996,0.0035206907787553865,False,0.0,0.0,False,0.0,0.0,True,within_slice:item_id=FOODS_1_031,229.71428571428575,item_id=FOODS_3_764
52,2015-11-16,2015-12-16,False,7.011576470109616e-05,0.004881611817095677,False,3.62138378618206e-05,0.0020202020202020193,False,0.0001296083423980354,0.004219072444878902,False,0.0,0.0,False,0.0,0.0,True,within_slice:item_id=FOODS_1_031,229.71428571428575,item_id=FOODS_3_764
55,2015-11-19,2015-12-19,False,3.822556918219932e-05,0.0019273378950798309,False,3.0310266844781585e-05,0.0018097643097643099,False,0.0001219634395200018,0.004128109047463885,False,0.0,0.0,False,0.0,0.0,True,within_slice:item_id=FOODS_1_031,207.56756756756755,item_id=FOODS_3_764
59,2015-11-23,2015-12-23,False,6.340647863122975e-05,0.002589334202237503,False,2.228304330753187e-05,0.0015067340067340049,False,0.00011970411742890782,0.004603562506788318,False,0.0,0.0,False,0.0,0.0,True,within_slice:item_id=FOODS_1_031,0.004337039013657655,dept_id=FOODS_2
63,2015-11-27,2015-12-27,False,0.00012882715575820948,0.007484522645813008,False,1.767710227578055e-05,0.001300369284240252,False,0.00017152986101038128,0.007051156728576036,False,0.0,0.0,False,0.0,0.0,True,within_slice:item_id=FOODS_1_031,0.005102058018788106,dept_id=FOODS_2
66,2015-11-30,2015-12-30,False,0.00014066224263610853,0.008832410122732726,False,1.721965205311579e-05,0.001218094927772355,False,0.0002035046735914732,0.00852422070164005,False,0.0,0.0,False,0.0,0.0,True,within_slice:item_id=FOODS_1_031,0.004182808077652041,dept_id=FOODS_2
70,2015-12-04,2016-01-03,False,8.20934273744247e-05,0.005505322037580113,False,2.3833397406469163e-05,0.0013250787444335776,False,0.00021849629780654965,0.005989464537851631,False,0.0,0.0,False,0.0,0.0,True,within_slice:item_id=FOODS_1_031,114.0,item_id=FOODS_3_152
74,2015-12-08,2016-01-07,False,0.00021883851886935737,0.01561149125665251,False,4.470593688460254e-05,0.0016636798088410995,False,0.0002904945458740236,0.015115672857608398,False,0.0,0.0,False,0.0,0.0,True,within_slice:item_id=FOODS_1_046,0.006499498980816097,dept_id=HOBBIES_2
78,2015-12-12,2016-01-11,False,0.00015926473351981935,0.008326001955034218,False,7.73572953629441e-05,0.002150537634408603,False,0.00022086262219797476,0.006227055501249024,False,0.0,0.0,False,0.0,0.0,True,within_slice:item_id=FOODS_1_046,0.007304295785514607,dept_id=HOBBIES_2
81,2015-12-15,2016-01-14,False,0.00026215716170463065,0.015815955251439195,False,0.00010807909631553074,0.0025904203323558195,False,0.00029249623741466833,0.014910122732703313,False,0.0,0.0,False,0.0,0.0,True,within_slice:item_id=FOODS_1_046,0.009865275216686313,dept_id=HOBBIES_2
85,2015-12-19,2016-01-18,False,0.00024218370264515607,0.01002253719995655,False,0.00015515471968399072,0.003176930596285439,False,0.0002706913483354247,0.007670522428586901,False,0.0,0.0,False,0.0,0.0,True,within_slice:item_id=FOODS_1_046,0.010098989265469527,dept_id=HOBBIES_2
89,2015-12-23,2016-01-22,False,0.00023559806644569322,0.013192679483002068,False,0.00021065768568609148,0.0037634408602150587,False,0.00020732586353744057,0.011987889649179961,False,0.0,0.0,False,0.0,0.0,True,within_slice:item_id=FOODS_1_046,0.01070625075861087,dept_id=HOBBIES_2
92,2015-12-26,2016-01-25,False,0.00025505066198253855,0.010275062452481887,False,0.0002571588635217115,0.004203323558162268,False,0.00022780579462470266,0.011388888888888893,False,0.0,0.0,False,0.0,0.0,True,within_slice:item_id=FOODS_1_031,0.008077305576790409,dept_id=HOBBIES_2
96,2015-12-30,2016-01-29,False,0.00025671508498598605,0.013509014879982684,False,0.0002562508368403517,0.0041968067774519405,False,0.00021627194975098584,0.0145202020202021,False,0.0,0.0,False,0.0,0.0,True,within_slice:item_id=FOODS_1_031,0.005231372052356829,dept_id=HOBBIES_2
100,2016-01-03,2016-02-02,False,0.00048775041125344646,0.019681492342782714,False,0.0002487144071359597,0.004181329423264907,False,0.00038875577874052856,0.021053817747366144,False,0.0,0.0,False,0.0,0.0,True,within_slice:cat_id=FOODS,0.0053286412963739005,dept_id=FOODS_3
104,2016-01-07,2016-02-06,False,0.0006140792977844974,0.024001574888671606,False,0.00021283637893508136,0.003943466927337894,False,0.0005236786988351684,0.024879168024329323,False,0.0,0.0,False,0.0,0.0,True,within_slice:cat_id=FOODS,0.00548415863044835,dept_id=FOODS_3
107,2016-01-10,2016-02-09,False,0.0005473800706440358,0.023517703920929667,False,0.00019047277484893977,0.0037650700553926372,False,0.00047947022423411,0.02391875746714467,False,0.0,0.0,False,0.0,0.0,True,within_slice:cat_id=FOODS,0.0056960639505265215,dept_id=FOODS_3
111,2016-01-14,2016-02-13,False,0.0007799745558942203,0.028785434995112436,False,0.00016775609545896202,0.0035434995112414505,False,0.0007029077726388801,0.029096882806560198,False,0.0,0.0,False,0.0,0.0,True,within_slice:cat_id=FOODS,0.005485756862422943,dept_id=FOODS_3
115,2016-01-18,2016-02-17,False,0.0006054208602306531,0.02645134137069627,False,0.0001517381181293018,0.0033708048224177223,False,0.000532122902792959,0.025835777126099746,False,0.0,0.0,False,0.0,0.0,True,within_slice:cat_id=FOODS,0.0052501447295438455,dept_id=FOODS_3
118,2016-01-21,2016-02-20,False,0.0007677302174314423,0.029949494949494948,False,0.00014133061062883678,0.0032497013142174444,False,0.0006963057498733215,0.029215270989464526,False,0.0,0.0,False,0.0,0.0,True,within_slice:cat_id=FOODS,0.005492589786193118,dept_id=FOODS_3
122,2016-01-25,2016-02-24,False,0.0006358311653946471,0.027602096231128526,False,0.00012971755182711328,0.0031106766590637547,False,0.0005790449645611012,0.0264562289562289,False,0.0,0.0,False,0.0,0.0,True,within_slice:cat_id=FOODS,0.004889776171080278,dept_id=FOODS_3
126,2016-01-29,2016-02-28,False,0.0009214203592793419,0.032509503638535886,False,0.0001233234726137616,0.0029548169870750526,False,0.0008452527497382989,0.031304170739654524,False,0.0,0.0,False,0.0,0.0,True,within_slice:cat_id=FOODS,0.005296311713346119,dept_id=FOODS_3
130,2016-02-02,2016-03-03,False,0.0005837133944809269,0.02586157271641143,False,0.00012178104128783396,0.00282746823069404,False,0.0004956249854911541,0.024053980666883912,False,0.0,0.0,False,0.0,0.0,True,within_slice:item_id=FOODS_1_046,0.004109164932956743,dept_id=FOODS_3
133,2016-02-05,2016-03-06,False,0.001092562880576644,0.03542766373411532,False,0.00012753579904760889,0.003124796350602803,False,0.0010013488335698468,0.03363419137612689,False,0.0,0.0,False,0.0,0.0,True,within_slice:cat_id=FOODS,0.005077745726807981,dept_id=FOODS_3
137,2016-02-09,2016-03-10,False,0.0007023151195556273,0.028740360595199244,False,0.000143446388679979,0.0035429564461822508,False,0.0006265175326818399,0.02729607907027265,False,0.0,0.0,False,0.0,0.0,True,within_slice:item_id=FOODS_1_046,195.1578947368421,item_id=FOODS_2_128
141,2016-02-13,2016-03-14,False,0.0009523792218295356,0.03308162267839687,False,0.000170980007985148,0.004009992397089171,False,0.0008619783679845539,0.03193168241555333,False,0.0,0.0,False,0.0,0.0,True,within_slice:item_id=FOODS_1_046,0.005192266705377382,dept_id=FOODS_2
144,2016-02-16,2016-03-17,False,0.0005228124340438895,0.02487753882915178,False,0.00017890610009091407,0.004372488324101226,False,0.00046352008787183365,0.02382697947214074,False,0.0,0.0,False,0.0,0.0,True,within_slice:item_id=FOODS_1_046,224.0963855421687,item_id=FOODS_2_128
148,2016-02-20,2016-03-21,False,0.0007852986135997852,0.030571575974801757,False,0.00019403174014285017,0.004758064516129028,False,0.0007237892124333397,0.02961089388508742,False,0.0,0.0,False,0.0,0.0,True,within_slice:item_id=FOODS_1_046,0.0055305374146803355,dept_id=FOODS_2
152,2016-02-24,2016-03-25,False,0.0003489539010359534,0.01971543390898234,False,0.00021889869859359013,0.005111056804605191,False,0.0003125380538638626,0.019212827196698146,False,0.0,0.0,False,0.0,0.0,True,within_slice:item_id=FOODS_1_069,229.62962962962962,item_id=FOODS_2_128
156,2016-02-28,2016-03-29,False,0.00036651307376680826,0.019111545563158416,False,0.00023484217391314249,0.004745030954708372,False,0.0003405420133726293,0.019809655696752415,False,0.0,0.0,False,0.0,0.0,True,within_slice:item_id=FOODS_1_046,0.005394070335486615,dept_id=FOODS_2
159,2016-03-02,2016-04-01,False,0.00025663263926904283,0.015414901705224304,False,0.00023938436516580806,0.004025741283805798,False,0.00021395916023696395,0.015555827088085117,False,0.0,0.0,False,0.0,0.0,True,within_slice:item_id=FOODS_1_046,0.005210431112661331,dept_id=FOODS_2
163,2016-03-06,2016-04-05,False,0.0002957911031296306,0.016071467361789993,False,0.00028202848976075244,0.003962202671880091,False,0.0002455296246434315,0.016099706744868048,False,0.0,0.0,False,0.0,0.0,True,within_slice:item_id=FOODS_1_046,0.006147061509032823,dept_id=FOODS_2
167,2016-03-10,2016-04-09,False,0.0002466058479207575,0.01333007494297811,False,0.00039249587006058887,0.005322580645161286,False,0.0001635097818157941,0.012849462365591369,False,0.0,0.0,False,0.0,0.0,True,within_slice:item_id=FOODS_1_069,85.53191489361703,item_id=FOODS_3_646
170,2016-03-13,2016-04-12,False,0.00025604955156164445,0.012684370587596305,False,0.0004464760289720608,0.005934343434343431,False,0.00015256754499520447,0.01164440099923969,False,0.0,0.0,False,0.0,0.0,True,within_slice:item_id=FOODS_1_069,0.003993257219963308,dept_id=FOODS_2
174,2016-03-17,2016-04-16,False,0.00022222112124654797,0.010781199087650739,False,0.000426558188807348,0.005572390572390569,False,0.00010746805037443525,0.010548224177256427,False,0.0,0.0,False,0.0,0.0,True,within_slice:item_id=FOODS_1_046,0.002725785652510744,dept_id=FOODS_2
178,2016-03-21,2016-04-20,False,0.00015038253646702012,0.008507928749864169,False,0.00042077797166714215,0.005235690235690232,False,7.391650066343762e-05,0.008109047463886188,False,0.0,0.0,False,0.0,0.0,True,within_slice:item_id=FOODS_1_046,0.002266061580824455,dept_id=FOODS_2
182,2016-03-25,2016-04-24,False,0.0003254515728192089,0.016552079939176734,False,0.0004217443522325584,0.005100738568480506,False,0.00022137713726609455,0.015625882480721165,False,0.0,0.0,False,0.0,0.0,True,within_slice:item_id=FOODS_1_046,0.0029139025730734944,dept_id=FOODS_2
