slice_set,coarse_score_bar,burst_score_bar,n_changed,strict_top1_all,strict_top1_gradual,strict_top1_intermittent,strict_top1_sudden,hier_top1_all,hier_top1_gradual,hier_top1_intermittent,hier_top1_sudden,strict_top3_all,strict_top3_gradual,strict_top3_intermittent,strict_top3_sudden
coarse,inf,10.0,2,8,1,7,0,16,4,7,5,17,2,13,2
coarse,0.05,10.0,2,8,1,7,0,13,2,7,4,14,3,9,2
coarse+item,inf,10.0,3,7,0,7,0,14,3,7,4,13,0,13,0
coarse,inf,20.0,2,6,1,5,0,14,4,5,5,15,2,11,2
coarse,0.05,20.0,2,6,1,5,0,11,2,5,4,12,3,7,2
coarse+item,inf,20.0,3,5,0,5,0,12,3,5,4,11,0,11,0
coarse,0.02,10.0,2,4,1,3,0,10,2,3,5,9,3,3,3
coarse,inf,40.0,2,3,1,2,0,11,4,2,5,12,2,8,2
coarse,0.02,20.0,2,3,1,2,0,9,2,2,5,8,3,2,3
coarse,0.05,40.0,2,3,1,2,0,8,2,2,4,9,3,4,2
coarse+item,inf,40.0,3,2,0,2,0,9,3,2,4,9,0,9,0
coarse,0.02,40.0,2,2,1,1,0,8,2,1,5,7,3,1,3
coarse,inf,100.0,2,1,1,0,0,9,4,0,5,10,2,5,3
coarse,inf,150.0,2,1,1,0,0,9,4,0,5,10,2,5,3
coarse,inf,60.0,1,1,1,0,0,9,4,0,5,9,2,5,2
coarse,inf,250.0,2,1,1,0,0,9,4,0,5,9,2,4,3
coarse,0.005,60.0,0,1,1,0,0,7,2,0,5,6,3,0,3
coarse,0.0,60.0,1,1,1,0,0,7,2,0,5,6,3,0,3
coarse,0.001,60.0,1,1,1,0,0,7,2,0,5,6,3,0,3
coarse,0.0025,60.0,1,1,1,0,0,7,2,0,5,6,3,0,3
coarse,0.005,10.0,1,1,1,0,0,7,2,0,5,6,3,0,3
coarse,0.005,20.0,1,1,1,0,0,7,2,0,5,6,3,0,3
coarse,0.005,40.0,1,1,1,0,0,7,2,0,5,6,3,0,3
coarse,0.005,100.0,1,1,1,0,0,7,2,0,5,6,3,0,3
coarse,0.005,150.0,1,1,1,0,0,7,2,0,5,6,3,0,3
coarse,0.005,250.0,1,1,1,0,0,7,2,0,5,6,3,0,3
coarse,0.005,inf,1,1,1,0,0,7,2,0,5,6,3,0,3
coarse,0.01,60.0,1,1,1,0,0,7,2,0,5,6,3,0,3
coarse,0.02,60.0,1,1,1,0,0,7,2,0,5,6,3,0,3
coarse,0.0,10.0,2,1,1,0,0,7,2,0,5,6,3,0,3
coarse,0.0,20.0,2,1,1,0,0,7,2,0,5,6,3,0,3
coarse,0.0,40.0,2,1,1,0,0,7,2,0,5,6,3,0,3
coarse,0.0,100.0,2,1,1,0,0,7,2,0,5,6,3,0,3
coarse,0.0,150.0,2,1,1,0,0,7,2,0,5,6,3,0,3
coarse,0.0,250.0,2,1,1,0,0,7,2,0,5,6,3,0,3
coarse,0.0,inf,2,1,1,0,0,7,2,0,5,6,3,0,3
coarse,0.001,10.0,2,1,1,0,0,7,2,0,5,6,3,0,3
coarse,0.001,20.0,2,1,1,0,0,7,2,0,5,6,3,0,3
coarse,0.001,40.0,2,1,1,0,0,7,2,0,5,6,3,0,3
coarse,0.001,100.0,2,1,1,0,0,7,2,0,5,6,3,0,3
coarse,0.001,150.0,2,1,1,0,0,7,2,0,5,6,3,0,3
coarse,0.001,250.0,2,1,1,0,0,7,2,0,5,6,3,0,3
coarse,0.001,inf,2,1,1,0,0,7,2,0,5,6,3,0,3
coarse,0.0025,10.0,2,1,1,0,0,7,2,0,5,6,3,0,3
coarse,0.0025,20.0,2,1,1,0,0,7,2,0,5,6,3,0,3
coarse,0.0025,40.0,2,1,1,0,0,7,2,0,5,6,3,0,3
coarse,0.0025,100.0,2,1,1,0,0,7,2,0,5,6,3,0,3
coarse,0.0025,150.0,2,1,1,0,0,7,2,0,5,6,3,0,3
coarse,0.0025,250.0,2,1,1,0,0,7,2,0,5,6,3,0,3
coarse,0.0025,inf,2,1,1,0,0,7,2,0,5,6,3,0,3
coarse,0.01,10.0,2,1,1,0,0,7,2,0,5,6,3,0,3
coarse,0.01,20.0,2,1,1,0,0,7,2,0,5,6,3,0,3
coarse,0.01,40.0,2,1,1,0,0,7,2,0,5,6,3,0,3
coarse,0.01,100.0,2,1,1,0,0,7,2,0,5,6,3,0,3
coarse,0.01,150.0,2,1,1,0,0,7,2,0,5,6,3,0,3
coarse,0.01,250.0,2,1,1,0,0,7,2,0,5,6,3,0,3
coarse,0.01,inf,2,1,1,0,0,7,2,0,5,6,3,0,3
coarse,0.02,100.0,2,1,1,0,0,7,2,0,5,6,3,0,3
coarse,0.02,150.0,2,1,1,0,0,7,2,0,5,6,3,0,3
coarse,0.02,250.0,2,1,1,0,0,7,2,0,5,6,3,0,3
coarse,0.02,inf,2,1,1,0,0,7,2,0,5,6,3,0,3
coarse,0.05,inf,2,1,1,0,0,7,2,0,5,6,3,0,3
coarse,inf,inf,2,1,1,0,0,7,2,0,5,6,3,0,3
coarse,0.05,100.0,2,1,1,0,0,6,2,0,4,7,3,1,3
coarse,0.05,150.0,2,1,1,0,0,6,2,0,4,7,3,1,3
coarse,0.05,250.0,2,1,1,0,0,6,2,0,4,7,3,1,3
coarse,0.05,60.0,1,1,1,0,0,6,2,0,4,6,3,1,2
coarse+item,inf,60.0,2,0,0,0,0,7,3,0,4,7,0,7,0
coarse+item,inf,100.0,3,0,0,0,0,7,3,0,4,7,0,7,0
coarse+item,inf,150.0,3,0,0,0,0,6,3,0,3,7,0,7,0
coarse+item,0.005,60.0,1,0,0,0,0,6,2,0,4,2,0,2,0
coarse+item,0.0,60.0,2,0,0,0,0,6,2,0,4,2,0,2,0
coarse+item,0.001,60.0,2,0,0,0,0,6,2,0,4,2,0,2,0
coarse+item,0.0025,60.0,2,0,0,0,0,6,2,0,4,2,0,2,0
coarse+item,0.005,10.0,2,0,0,0,0,6,2,0,4,2,0,2,0
coarse+item,0.005,20.0,2,0,0,0,0,6,2,0,4,2,0,2,0
coarse+item,0.005,40.0,2,0,0,0,0,6,2,0,4,2,0,2,0
coarse+item,0.005,100.0,2,0,0,0,0,6,2,0,4,2,0,2,0
coarse+item,0.005,150.0,2,0,0,0,0,6,2,0,4,2,0,2,0
coarse+item,0.005,250.0,2,0,0,0,0,6,2,0,4,2,0,2,0
coarse+item,0.005,inf,2,0,0,0,0,6,2,0,4,2,0,2,0
coarse+item,0.01,60.0,2,0,0,0,0,6,2,0,4,2,0,2,0
coarse+item,0.02,60.0,2,0,0,0,0,6,2,0,4,2,0,2,0
coarse+item,0.05,60.0,2,0,0,0,0,6,2,0,4,2,0,2,0
coarse+item,0.0,10.0,3,0,0,0,0,6,2,0,4,2,0,2,0
coarse+item,0.0,20.0,3,0,0,0,0,6,2,0,4,2,0,2,0
coarse+item,0.0,40.0,3,0,0,0,0,6,2,0,4,2,0,2,0
coarse+item,0.0,100.0,3,0,0,0,0,6,2,0,4,2,0,2,0
coarse+item,0.0,150.0,3,0,0,0,0,6,2,0,4,2,0,2,0
coarse+item,0.0,250.0,3,0,0,0,0,6,2,0,4,2,0,2,0
coarse+item,0.0,inf,3,0,0,0,0,6,2,0,4,2,0,2,0
coarse+item,0.001,10.0,3,0,0,0,0,6,2,0,4,2,0,2,0
coarse+item,0.001,20.0,3,0,0,0,0,6,2,0,4,2,0,2,0
coarse+item,0.001,40.0,3,0,0,0,0,6,2,0,4,2,0,2,0
coarse+item,0.001,100.0,3,0,0,0,0,6,2,0,4,2,0,2,0
coarse+item,0.001,150.0,3,0,0,0,0,6,2,0,4,2,0,2,0
coarse+item,0.001,250.0,3,0,0,0,0,6,2,0,4,2,0,2,0
coarse+item,0.001,inf,3,0,0,0,0,6,2,0,4,2,0,2,0
coarse+item,0.0025,10.0,3,0,0,0,0,6,2,0,4,2,0,2,0
coarse+item,0.0025,20.0,3,0,0,0,0,6,2,0,4,2,0,2,0
coarse+item,0.0025,40.0,3,0,0,0,0,6,2,0,4,2,0,2,0
coarse+item,0.0025,100.0,3,0,0,0,0,6,2,0,4,2,0,2,0
coarse+item,0.0025,150.0,3,0,0,0,0,6,2,0,4,2,0,2,0
coarse+item,0.0025,250.0,3,0,0,0,0,6,2,0,4,2,0,2,0
coarse+item,0.0025,inf,3,0,0,0,0,6,2,0,4,2,0,2,0
coarse+item,0.01,10.0,3,0,0,0,0,6,2,0,4,2,0,2,0
coarse+item,0.01,20.0,3,0,0,0,0,6,2,0,4,2,0,2,0
coarse+item,0.01,40.0,3,0,0,0,0,6,2,0,4,2,0,2,0
coarse+item,0.01,100.0,3,0,0,0,0,6,2,0,4,2,0,2,0
coarse+item,0.01,150.0,3,0,0,0,0,6,2,0,4,2,0,2,0
coarse+item,0.01,250.0,3,0,0,0,0,6,2,0,4,2,0,2,0
coarse+item,0.01,inf,3,0,0,0,0,6,2,0,4,2,0,2,0
coarse+item,0.02,10.0,3,0,0,0,0,6,2,0,4,2,0,2,0
coarse+item,0.02,20.0,3,0,0,0,0,6,2,0,4,2,0,2,0
coarse+item,0.02,40.0,3,0,0,0,0,6,2,0,4,2,0,2,0
coarse+item,0.02,100.0,3,0,0,0,0,6,2,0,4,2,0,2,0
coarse+item,0.02,150.0,3,0,0,0,0,6,2,0,4,2,0,2,0
coarse+item,0.02,250.0,3,0,0,0,0,6,2,0,4,2,0,2,0
coarse+item,0.02,inf,3,0,0,0,0,6,2,0,4,2,0,2,0
coarse+item,0.05,10.0,3,0,0,0,0,6,2,0,4,2,0,2,0
coarse+item,0.05,20.0,3,0,0,0,0,6,2,0,4,2,0,2,0
coarse+item,0.05,40.0,3,0,0,0,0,6,2,0,4,2,0,2,0
coarse+item,0.05,100.0,3,0,0,0,0,6,2,0,4,2,0,2,0
coarse+item,0.05,150.0,3,0,0,0,0,6,2,0,4,2,0,2,0
coarse+item,0.05,250.0,3,0,0,0,0,6,2,0,4,2,0,2,0
coarse+item,0.05,inf,3,0,0,0,0,6,2,0,4,2,0,2,0
coarse+item,inf,inf,3,0,0,0,0,6,2,0,4,2,0,2,0
coarse+item,inf,250.0,3,0,0,0,0,5,2,0,3,6,0,6,0
