arm,seed,drift_type,trial,cur_start,true_slice,detected,ranking,time_s,config,strict_top1,hier_top1,strict_top3,hier_top3,true_rank
frozen,42,sudden,0,2017-04-17,store_id=17,True,store_id=52|dept_id=PREPARED FOODS|state_id=Manabi,1.0,"{""js_threshold"": 0.015, ""l_inf_threshold"": 0.06, ""slice_columns"": [""cat_id"", ""dept_id"", ""state_id"", ""store_id""], ""min_slice_size"": 20, ""coarse_score_bar"": 0.005, ""burst_score_bar"": 60.0, ""fallback_slice_cols"": [""cat_id"", ""item_id""]}",False,False,False,False,4
frozen,42,sudden,1,2017-04-15,state_id=Chimborazo,True,store_id=52|dept_id=PREPARED FOODS|state_id=Manabi,1.0,"{""js_threshold"": 0.015, ""l_inf_threshold"": 0.06, ""slice_columns"": [""cat_id"", ""dept_id"", ""state_id"", ""store_id""], ""min_slice_size"": 20, ""coarse_score_bar"": 0.005, ""burst_score_bar"": 60.0, ""fallback_slice_cols"": [""cat_id"", ""item_id""]}",False,False,False,False,4
frozen,42,sudden,2,2017-05-13,state_id=Manabi,True,store_id=52|state_id=Manabi|dept_id=BOOKS,1.0,"{""js_threshold"": 0.015, ""l_inf_threshold"": 0.06, ""slice_columns"": [""cat_id"", ""dept_id"", ""state_id"", ""store_id""], ""min_slice_size"": 20, ""coarse_score_bar"": 0.005, ""burst_score_bar"": 60.0, ""fallback_slice_cols"": [""cat_id"", ""item_id""]}",False,True,True,True,2
frozen,42,sudden,3,2017-02-14,cat_id=PERISHABLE,True,dept_id=FROZEN FOODS|dept_id=SEAFOOD|dept_id=BOOKS,1.0,"{""js_threshold"": 0.015, ""l_inf_threshold"": 0.06, ""slice_columns"": [""cat_id"", ""dept_id"", ""state_id"", ""store_id""], ""min_slice_size"": 20, ""coarse_score_bar"": 0.005, ""burst_score_bar"": 60.0, ""fallback_slice_cols"": [""cat_id"", ""item_id""]}",False,False,False,True,
frozen,42,sudden,4,2017-03-18,dept_id=AUTOMOTIVE,True,dept_id=PREPARED FOODS|dept_id=SCHOOL AND OFFICE SUPPLIES|dept_id=AUTOMOTIVE,1.0,"{""js_threshold"": 0.015, ""l_inf_threshold"": 0.06, ""slice_columns"": [""cat_id"", ""dept_id"", ""state_id"", ""store_id""], ""min_slice_size"": 20, ""coarse_score_bar"": 0.005, ""burst_score_bar"": 60.0, ""fallback_slice_cols"": [""cat_id"", ""item_id""]}",False,False,True,True,3
frozen,42,sudden,5,2017-07-10,cat_id=PERISHABLE,True,dept_id=DELI|dept_id=EGGS|dept_id=HOME APPLIANCES,0.7,"{""js_threshold"": 0.015, ""l_inf_threshold"": 0.06, ""slice_columns"": [""cat_id"", ""dept_id"", ""state_id"", ""store_id""], ""min_slice_size"": 20, ""coarse_score_bar"": 0.005, ""burst_score_bar"": 60.0, ""fallback_slice_cols"": [""cat_id"", ""item_id""]}",False,True,False,True,
frozen,42,sudden,6,2017-05-02,store_id=54,True,store_id=52|dept_id=PREPARED FOODS|dept_id=BOOKS,1.0,"{""js_threshold"": 0.015, ""l_inf_threshold"": 0.06, ""slice_columns"": [""cat_id"", ""dept_id"", ""state_id"", ""store_id""], ""min_slice_size"": 20, ""coarse_score_bar"": 0.005, ""burst_score_bar"": 60.0, ""fallback_slice_cols"": [""cat_id"", ""item_id""]}",False,False,False,False,4
frozen,42,sudden,7,2017-06-06,item_id=509877,True,dept_id=SCHOOL AND OFFICE SUPPLIES|dept_id=BOOKS|dept_id=DAIRY,1.2,"{""js_threshold"": 0.015, ""l_inf_threshold"": 0.06, ""slice_columns"": [""cat_id"", ""dept_id"", ""state_id"", ""store_id""], ""min_slice_size"": 20, ""coarse_score_bar"": 0.005, ""burst_score_bar"": 60.0, ""fallback_slice_cols"": [""cat_id"", ""item_id""]}",False,False,False,False,
frozen,42,sudden,8,2017-07-07,item_id=1366212,True,dept_id=HOME APPLIANCES|dept_id=SCHOOL AND OFFICE SUPPLIES|dept_id=BOOKS,1.2,"{""js_threshold"": 0.015, ""l_inf_threshold"": 0.06, ""slice_columns"": [""cat_id"", ""dept_id"", ""state_id"", ""store_id""], ""min_slice_size"": 20, ""coarse_score_bar"": 0.005, ""burst_score_bar"": 60.0, ""fallback_slice_cols"": [""cat_id"", ""item_id""]}",False,False,False,False,
frozen,42,sudden,9,2017-06-14,state_id=Los Rios,True,dept_id=SCHOOL AND OFFICE SUPPLIES|store_id=33|state_id=Los Rios,1.1,"{""js_threshold"": 0.015, ""l_inf_threshold"": 0.06, ""slice_columns"": [""cat_id"", ""dept_id"", ""state_id"", ""store_id""], ""min_slice_size"": 20, ""coarse_score_bar"": 0.005, ""burst_score_bar"": 60.0, ""fallback_slice_cols"": [""cat_id"", ""item_id""]}",False,False,True,True,3
frozen,42,sudden,10,2017-06-30,state_id=Bolivar,True,state_id=Bolivar|store_id=19|dept_id=HOME APPLIANCES,1.1,"{""js_threshold"": 0.015, ""l_inf_threshold"": 0.06, ""slice_columns"": [""cat_id"", ""dept_id"", ""state_id"", ""store_id""], ""min_slice_size"": 20, ""coarse_score_bar"": 0.005, ""burst_score_bar"": 60.0, ""fallback_slice_cols"": [""cat_id"", ""item_id""]}",True,True,True,True,1
frozen,42,sudden,11,2017-04-02,cat_id=NON_PERISHABLE,True,store_id=52|dept_id=PREPARED FOODS|dept_id=SCHOOL AND OFFICE SUPPLIES,1.2,"{""js_threshold"": 0.015, ""l_inf_threshold"": 0.06, ""slice_columns"": [""cat_id"", ""dept_id"", ""state_id"", ""store_id""], ""min_slice_size"": 20, ""coarse_score_bar"": 0.005, ""burst_score_bar"": 60.0, ""fallback_slice_cols"": [""cat_id"", ""item_id""]}",False,False,False,True,
frozen,42,sudden,12,2017-06-14,item_id=804098,True,dept_id=SCHOOL AND OFFICE SUPPLIES|dept_id=BOOKS|dept_id=DAIRY,1.2,"{""js_threshold"": 0.015, ""l_inf_threshold"": 0.06, ""slice_columns"": [""cat_id"", ""dept_id"", ""state_id"", ""store_id""], ""min_slice_size"": 20, ""coarse_score_bar"": 0.005, ""burst_score_bar"": 60.0, ""fallback_slice_cols"": [""cat_id"", ""item_id""]}",False,False,False,False,
frozen,42,sudden,13,2017-06-26,item_id=2010972,True,dept_id=SCHOOL AND OFFICE SUPPLIES|dept_id=BOOKS|dept_id=HOME APPLIANCES,1.2,"{""js_threshold"": 0.015, ""l_inf_threshold"": 0.06, ""slice_columns"": [""cat_id"", ""dept_id"", ""state_id"", ""store_id""], ""min_slice_size"": 20, ""coarse_score_bar"": 0.005, ""burst_score_bar"": 60.0, ""fallback_slice_cols"": [""cat_id"", ""item_id""]}",False,False,False,False,
frozen,42,sudden,14,2017-03-16,item_id=1348487,True,dept_id=PREPARED FOODS|dept_id=SCHOOL AND OFFICE SUPPLIES|dept_id=BOOKS,1.2,"{""js_threshold"": 0.015, ""l_inf_threshold"": 0.06, ""slice_columns"": [""cat_id"", ""dept_id"", ""state_id"", ""store_id""], ""min_slice_size"": 20, ""coarse_score_bar"": 0.005, ""burst_score_bar"": 60.0, ""fallback_slice_cols"": [""cat_id"", ""item_id""]}",False,False,False,False,
frozen,42,sudden,15,2017-04-08,dept_id=MAGAZINES,True,store_id=52|dept_id=PREPARED FOODS|dept_id=SCHOOL AND OFFICE SUPPLIES,1.2,"{""js_threshold"": 0.015, ""l_inf_threshold"": 0.06, ""slice_columns"": [""cat_id"", ""dept_id"", ""state_id"", ""store_id""], ""min_slice_size"": 20, ""coarse_score_bar"": 0.005, ""burst_score_bar"": 60.0, ""fallback_slice_cols"": [""cat_id"", ""item_id""]}",False,False,False,False,
frozen,42,sudden,16,2017-06-30,dept_id=AUTOMOTIVE,True,dept_id=HOME APPLIANCES|dept_id=PRODUCE|dept_id=SCHOOL AND OFFICE SUPPLIES,1.1,"{""js_threshold"": 0.015, ""l_inf_threshold"": 0.06, ""slice_columns"": [""cat_id"", ""dept_id"", ""state_id"", ""store_id""], ""min_slice_size"": 20, ""coarse_score_bar"": 0.005, ""burst_score_bar"": 60.0, ""fallback_slice_cols"": [""cat_id"", ""item_id""]}",False,False,False,False,5
frozen,42,sudden,17,2017-03-04,state_id=El Oro,True,store_id=40|dept_id=BOOKS|state_id=El Oro,1.0,"{""js_threshold"": 0.015, ""l_inf_threshold"": 0.06, ""slice_columns"": [""cat_id"", ""dept_id"", ""state_id"", ""store_id""], ""min_slice_size"": 20, ""coarse_score_bar"": 0.005, ""burst_score_bar"": 60.0, ""fallback_slice_cols"": [""cat_id"", ""item_id""]}",False,True,True,True,3
frozen,42,sudden,18,2017-02-05,cat_id=PERISHABLE,True,dept_id=FROZEN FOODS|dept_id=BREAD/BAKERY|dept_id=CLEANING,1.0,"{""js_threshold"": 0.015, ""l_inf_threshold"": 0.06, ""slice_columns"": [""cat_id"", ""dept_id"", ""state_id"", ""store_id""], ""min_slice_size"": 20, ""coarse_score_bar"": 0.005, ""burst_score_bar"": 60.0, ""fallback_slice_cols"": [""cat_id"", ""item_id""]}",False,False,False,True,
frozen,42,sudden,19,2017-03-11,store_id=30,True,dept_id=SCHOOL AND OFFICE SUPPLIES|dept_id=BOOKS|dept_id=PERSONAL CARE,1.0,"{""js_threshold"": 0.015, ""l_inf_threshold"": 0.06, ""slice_columns"": [""cat_id"", ""dept_id"", ""state_id"", ""store_id""], ""min_slice_size"": 20, ""coarse_score_bar"": 0.005, ""burst_score_bar"": 60.0, ""fallback_slice_cols"": [""cat_id"", ""item_id""]}",False,False,False,False,
frozen,42,gradual,0,2017-06-06,state_id=Guayas,True,dept_id=SCHOOL AND OFFICE SUPPLIES|store_id=29|store_id=24,1.0,"{""js_threshold"": 0.015, ""l_inf_threshold"": 0.06, ""slice_columns"": [""cat_id"", ""dept_id"", ""state_id"", ""store_id""], ""min_slice_size"": 20, ""coarse_score_bar"": 0.005, ""burst_score_bar"": 60.0, ""fallback_slice_cols"": [""cat_id"", ""item_id""]}",False,False,False,True,
frozen,42,gradual,1,2017-02-08,item_id=511394,True,dept_id=FROZEN FOODS|dept_id=BOOKS|dept_id=CLEANING,1.0,"{""js_threshold"": 0.015, ""l_inf_threshold"": 0.06, ""slice_columns"": [""cat_id"", ""dept_id"", ""state_id"", ""store_id""], ""min_slice_size"": 20, ""coarse_score_bar"": 0.005, ""burst_score_bar"": 60.0, ""fallback_slice_cols"": [""cat_id"", ""item_id""]}",False,False,False,False,
frozen,42,gradual,2,2017-05-28,cat_id=PERISHABLE,True,dept_id=DAIRY|dept_id=SCHOOL AND OFFICE SUPPLIES|dept_id=BOOKS,1.0,"{""js_threshold"": 0.015, ""l_inf_threshold"": 0.06, ""slice_columns"": [""cat_id"", ""dept_id"", ""state_id"", ""store_id""], ""min_slice_size"": 20, ""coarse_score_bar"": 0.005, ""burst_score_bar"": 60.0, ""fallback_slice_cols"": [""cat_id"", ""item_id""]}",False,True,False,True,
frozen,42,gradual,3,2017-05-15,state_id=Esmeraldas,True,store_id=52|dept_id=BOOKS|dept_id=DAIRY,1.0,"{""js_threshold"": 0.015, ""l_inf_threshold"": 0.06, ""slice_columns"": [""cat_id"", ""dept_id"", ""state_id"", ""store_id""], ""min_slice_size"": 20, ""coarse_score_bar"": 0.005, ""burst_score_bar"": 60.0, ""fallback_slice_cols"": [""cat_id"", ""item_id""]}",False,False,False,False,
frozen,42,gradual,4,2017-05-14,store_id=32,True,store_id=52|dept_id=BOOKS|dept_id=DAIRY,1.0,"{""js_threshold"": 0.015, ""l_inf_threshold"": 0.06, ""slice_columns"": [""cat_id"", ""dept_id"", ""state_id"", ""store_id""], ""min_slice_size"": 20, ""coarse_score_bar"": 0.005, ""burst_score_bar"": 60.0, ""fallback_slice_cols"": [""cat_id"", ""item_id""]}",False,False,False,False,
frozen,42,gradual,5,2017-07-13,state_id=Chimborazo,True,dept_id=HOME APPLIANCES|dept_id=SCHOOL AND OFFICE SUPPLIES|dept_id=BREAD/BAKERY,1.0,"{""js_threshold"": 0.015, ""l_inf_threshold"": 0.06, ""slice_columns"": [""cat_id"", ""dept_id"", ""state_id"", ""store_id""], ""min_slice_size"": 20, ""coarse_score_bar"": 0.005, ""burst_score_bar"": 60.0, ""fallback_slice_cols"": [""cat_id"", ""item_id""]}",False,False,False,False,
frozen,42,gradual,6,2017-02-13,item_id=1913055,True,dept_id=FROZEN FOODS|dept_id=BOOKS|dept_id=CLEANING,1.0,"{""js_threshold"": 0.015, ""l_inf_threshold"": 0.06, ""slice_columns"": [""cat_id"", ""dept_id"", ""state_id"", ""store_id""], ""min_slice_size"": 20, ""coarse_score_bar"": 0.005, ""burst_score_bar"": 60.0, ""fallback_slice_cols"": [""cat_id"", ""item_id""]}",False,False,False,False,
frozen,42,gradual,7,2017-05-14,dept_id=HOME APPLIANCES,True,store_id=52|dept_id=BOOKS|dept_id=DAIRY,1.0,"{""js_threshold"": 0.015, ""l_inf_threshold"": 0.06, ""slice_columns"": [""cat_id"", ""dept_id"", ""state_id"", ""store_id""], ""min_slice_size"": 20, ""coarse_score_bar"": 0.005, ""burst_score_bar"": 60.0, ""fallback_slice_cols"": [""cat_id"", ""item_id""]}",False,False,False,False,
frozen,42,gradual,8,2017-03-06,dept_id=LADIESWEAR,True,dept_id=LADIESWEAR|dept_id=BOOKS|dept_id=SCHOOL AND OFFICE SUPPLIES,1.0,"{""js_threshold"": 0.015, ""l_inf_threshold"": 0.06, ""slice_columns"": [""cat_id"", ""dept_id"", ""state_id"", ""store_id""], ""min_slice_size"": 20, ""coarse_score_bar"": 0.005, ""burst_score_bar"": 60.0, ""fallback_slice_cols"": [""cat_id"", ""item_id""]}",True,True,True,True,1
frozen,42,gradual,9,2017-06-05,dept_id=CLEANING,True,dept_id=SCHOOL AND OFFICE SUPPLIES|dept_id=CLEANING|dept_id=BOOKS,1.0,"{""js_threshold"": 0.015, ""l_inf_threshold"": 0.06, ""slice_columns"": [""cat_id"", ""dept_id"", ""state_id"", ""store_id""], ""min_slice_size"": 20, ""coarse_score_bar"": 0.005, ""burst_score_bar"": 60.0, ""fallback_slice_cols"": [""cat_id"", ""item_id""]}",False,False,True,True,2
frozen,42,gradual,10,2017-06-27,state_id=Bolivar,True,dept_id=SCHOOL AND OFFICE SUPPLIES|state_id=Bolivar|store_id=19,1.0,"{""js_threshold"": 0.015, ""l_inf_threshold"": 0.06, ""slice_columns"": [""cat_id"", ""dept_id"", ""state_id"", ""store_id""], ""min_slice_size"": 20, ""coarse_score_bar"": 0.005, ""burst_score_bar"": 60.0, ""fallback_slice_cols"": [""cat_id"", ""item_id""]}",False,False,True,True,2
frozen,42,gradual,11,2017-06-28,state_id=Cotopaxi,True,store_id=13|state_id=Cotopaxi|store_id=12,1.0,"{""js_threshold"": 0.015, ""l_inf_threshold"": 0.06, ""slice_columns"": [""cat_id"", ""dept_id"", ""state_id"", ""store_id""], ""min_slice_size"": 20, ""coarse_score_bar"": 0.005, ""burst_score_bar"": 60.0, ""fallback_slice_cols"": [""cat_id"", ""item_id""]}",False,True,True,True,2
frozen,42,gradual,12,2017-06-15,state_id=Pastaza,True,dept_id=SCHOOL AND OFFICE SUPPLIES|dept_id=BOOKS|state_id=Pastaza,1.0,"{""js_threshold"": 0.015, ""l_inf_threshold"": 0.06, ""slice_columns"": [""cat_id"", ""dept_id"", ""state_id"", ""store_id""], ""min_slice_size"": 20, ""coarse_score_bar"": 0.005, ""burst_score_bar"": 60.0, ""fallback_slice_cols"": [""cat_id"", ""item_id""]}",False,False,True,True,3
frozen,42,gradual,13,2017-06-10,cat_id=NON_PERISHABLE,True,dept_id=CELEBRATION|dept_id=HOME APPLIANCES|dept_id=PERSONAL CARE,0.5,"{""js_threshold"": 0.015, ""l_inf_threshold"": 0.06, ""slice_columns"": [""cat_id"", ""dept_id"", ""state_id"", ""store_id""], ""min_slice_size"": 20, ""coarse_score_bar"": 0.005, ""burst_score_bar"": 60.0, ""fallback_slice_cols"": [""cat_id"", ""item_id""]}",False,True,False,True,
frozen,42,gradual,14,2017-04-09,item_id=1366212,True,store_id=52|dept_id=PREPARED FOODS|dept_id=SCHOOL AND OFFICE SUPPLIES,1.0,"{""js_threshold"": 0.015, ""l_inf_threshold"": 0.06, ""slice_columns"": [""cat_id"", ""dept_id"", ""state_id"", ""store_id""], ""min_slice_size"": 20, ""coarse_score_bar"": 0.005, ""burst_score_bar"": 60.0, ""fallback_slice_cols"": [""cat_id"", ""item_id""]}",False,False,False,False,
frozen,42,gradual,15,2017-04-24,item_id=1913055,True,store_id=52|dept_id=PREPARED FOODS|state_id=Manabi,1.0,"{""js_threshold"": 0.015, ""l_inf_threshold"": 0.06, ""slice_columns"": [""cat_id"", ""dept_id"", ""state_id"", ""store_id""], ""min_slice_size"": 20, ""coarse_score_bar"": 0.005, ""burst_score_bar"": 60.0, ""fallback_slice_cols"": [""cat_id"", ""item_id""]}",False,False,False,False,
frozen,42,gradual,16,2017-03-14,item_id=1974848,True,dept_id=SCHOOL AND OFFICE SUPPLIES|dept_id=BOOKS|dept_id=PREPARED FOODS,1.0,"{""js_threshold"": 0.015, ""l_inf_threshold"": 0.06, ""slice_columns"": [""cat_id"", ""dept_id"", ""state_id"", ""store_id""], ""min_slice_size"": 20, ""coarse_score_bar"": 0.005, ""burst_score_bar"": 60.0, ""fallback_slice_cols"": [""cat_id"", ""item_id""]}",False,False,False,False,
frozen,42,gradual,17,2017-07-12,dept_id=HARDWARE,True,dept_id=HOME APPLIANCES|dept_id=SCHOOL AND OFFICE SUPPLIES|dept_id=BREAD/BAKERY,1.0,"{""js_threshold"": 0.015, ""l_inf_threshold"": 0.06, ""slice_columns"": [""cat_id"", ""dept_id"", ""state_id"", ""store_id""], ""min_slice_size"": 20, ""coarse_score_bar"": 0.005, ""burst_score_bar"": 60.0, ""fallback_slice_cols"": [""cat_id"", ""item_id""]}",False,False,False,False,
frozen,42,gradual,18,2017-07-11,store_id=47,True,dept_id=HOME APPLIANCES|dept_id=SCHOOL AND OFFICE SUPPLIES|dept_id=BREAD/BAKERY,1.0,"{""js_threshold"": 0.015, ""l_inf_threshold"": 0.06, ""slice_columns"": [""cat_id"", ""dept_id"", ""state_id"", ""store_id""], ""min_slice_size"": 20, ""coarse_score_bar"": 0.005, ""burst_score_bar"": 60.0, ""fallback_slice_cols"": [""cat_id"", ""item_id""]}",False,False,False,False,
frozen,42,gradual,19,2017-07-02,store_id=24,True,dept_id=HOME APPLIANCES|dept_id=BOOKS|dept_id=PRODUCE,1.0,"{""js_threshold"": 0.015, ""l_inf_threshold"": 0.06, ""slice_columns"": [""cat_id"", ""dept_id"", ""state_id"", ""store_id""], ""min_slice_size"": 20, ""coarse_score_bar"": 0.005, ""burst_score_bar"": 60.0, ""fallback_slice_cols"": [""cat_id"", ""item_id""]}",False,False,False,False,5
frozen,42,intermittent,0,2017-01-27,item_id=850388,True,dept_id=FROZEN FOODS|dept_id=HOME APPLIANCES|dept_id=BOOKS,1.1,"{""js_threshold"": 0.015, ""l_inf_threshold"": 0.06, ""slice_columns"": [""cat_id"", ""dept_id"", ""state_id"", ""store_id""], ""min_slice_size"": 20, ""coarse_score_bar"": 0.005, ""burst_score_bar"": 60.0, ""fallback_slice_cols"": [""cat_id"", ""item_id""]}",False,True,False,True,
frozen,42,intermittent,1,2017-07-05,item_id=315463,True,dept_id=HOME APPLIANCES|dept_id=PRODUCE|dept_id=BOOKS,1.1,"{""js_threshold"": 0.015, ""l_inf_threshold"": 0.06, ""slice_columns"": [""cat_id"", ""dept_id"", ""state_id"", ""store_id""], ""min_slice_size"": 20, ""coarse_score_bar"": 0.005, ""burst_score_bar"": 60.0, ""fallback_slice_cols"": [""cat_id"", ""item_id""]}",False,False,False,False,
frozen,42,intermittent,2,2017-02-19,item_id=1386120,True,dept_id=BOOKS|dept_id=FROZEN FOODS|dept_id=HOME APPLIANCES,1.1,"{""js_threshold"": 0.015, ""l_inf_threshold"": 0.06, ""slice_columns"": [""cat_id"", ""dept_id"", ""state_id"", ""store_id""], ""min_slice_size"": 20, ""coarse_score_bar"": 0.005, ""burst_score_bar"": 60.0, ""fallback_slice_cols"": [""cat_id"", ""item_id""]}",False,False,False,False,
frozen,42,intermittent,3,2017-05-08,item_id=2004738,True,store_id=52|dept_id=PREPARED FOODS|dept_id=BOOKS,1.1,"{""js_threshold"": 0.015, ""l_inf_threshold"": 0.06, ""slice_columns"": [""cat_id"", ""dept_id"", ""state_id"", ""store_id""], ""min_slice_size"": 20, ""coarse_score_bar"": 0.005, ""burst_score_bar"": 60.0, ""fallback_slice_cols"": [""cat_id"", ""item_id""]}",False,False,False,False,
frozen,42,intermittent,4,2017-01-27,item_id=583973,True,dept_id=FROZEN FOODS|dept_id=HOME APPLIANCES|dept_id=BOOKS,1.1,"{""js_threshold"": 0.015, ""l_inf_threshold"": 0.06, ""slice_columns"": [""cat_id"", ""dept_id"", ""state_id"", ""store_id""], ""min_slice_size"": 20, ""coarse_score_bar"": 0.005, ""burst_score_bar"": 60.0, ""fallback_slice_cols"": [""cat_id"", ""item_id""]}",False,False,False,False,
frozen,42,intermittent,5,2017-02-09,item_id=2045280,True,dept_id=FROZEN FOODS|dept_id=BOOKS|dept_id=CLEANING,1.1,"{""js_threshold"": 0.015, ""l_inf_threshold"": 0.06, ""slice_columns"": [""cat_id"", ""dept_id"", ""state_id"", ""store_id""], ""min_slice_size"": 20, ""coarse_score_bar"": 0.005, ""burst_score_bar"": 60.0, ""fallback_slice_cols"": [""cat_id"", ""item_id""]}",False,False,False,False,
frozen,42,intermittent,6,2017-05-23,item_id=818590,True,dept_id=BOOKS|dept_id=SCHOOL AND OFFICE SUPPLIES|store_id=52,1.1,"{""js_threshold"": 0.015, ""l_inf_threshold"": 0.06, ""slice_columns"": [""cat_id"", ""dept_id"", ""state_id"", ""store_id""], ""min_slice_size"": 20, ""coarse_score_bar"": 0.005, ""burst_score_bar"": 60.0, ""fallback_slice_cols"": [""cat_id"", ""item_id""]}",False,False,False,False,
frozen,42,intermittent,7,2017-07-03,item_id=2002043,True,dept_id=HOME APPLIANCES|dept_id=BOOKS|dept_id=PRODUCE,1.1,"{""js_threshold"": 0.015, ""l_inf_threshold"": 0.06, ""slice_columns"": [""cat_id"", ""dept_id"", ""state_id"", ""store_id""], ""min_slice_size"": 20, ""coarse_score_bar"": 0.005, ""burst_score_bar"": 60.0, ""fallback_slice_cols"": [""cat_id"", ""item_id""]}",False,False,False,False,
frozen,42,intermittent,8,2017-02-18,item_id=2054291,True,dept_id=FROZEN FOODS|dept_id=BOOKS|dept_id=HOME APPLIANCES,1.0,"{""js_threshold"": 0.015, ""l_inf_threshold"": 0.06, ""slice_columns"": [""cat_id"", ""dept_id"", ""state_id"", ""store_id""], ""min_slice_size"": 20, ""coarse_score_bar"": 0.005, ""burst_score_bar"": 60.0, ""fallback_slice_cols"": [""cat_id"", ""item_id""]}",False,False,False,False,
frozen,42,intermittent,9,2017-05-29,item_id=1584295,True,dept_id=SCHOOL AND OFFICE SUPPLIES|dept_id=BOOKS|dept_id=DAIRY,1.0,"{""js_threshold"": 0.015, ""l_inf_threshold"": 0.06, ""slice_columns"": [""cat_id"", ""dept_id"", ""state_id"", ""store_id""], ""min_slice_size"": 20, ""coarse_score_bar"": 0.005, ""burst_score_bar"": 60.0, ""fallback_slice_cols"": [""cat_id"", ""item_id""]}",False,False,False,False,
frozen,42,intermittent,10,2017-03-20,item_id=1386120,True,dept_id=PREPARED FOODS|dept_id=SCHOOL AND OFFICE SUPPLIES|dept_id=BOOKS,1.0,"{""js_threshold"": 0.015, ""l_inf_threshold"": 0.06, ""slice_columns"": [""cat_id"", ""dept_id"", ""state_id"", ""store_id""], ""min_slice_size"": 20, ""coarse_score_bar"": 0.005, ""burst_score_bar"": 60.0, ""fallback_slice_cols"": [""cat_id"", ""item_id""]}",False,False,False,False,
frozen,42,intermittent,11,2017-01-27,item_id=741201,True,dept_id=FROZEN FOODS|dept_id=HOME APPLIANCES|dept_id=BOOKS,1.0,"{""js_threshold"": 0.015, ""l_inf_threshold"": 0.06, ""slice_columns"": [""cat_id"", ""dept_id"", ""state_id"", ""store_id""], ""min_slice_size"": 20, ""coarse_score_bar"": 0.005, ""burst_score_bar"": 60.0, ""fallback_slice_cols"": [""cat_id"", ""item_id""]}",False,False,False,False,
frozen,42,intermittent,12,2017-05-15,item_id=813769,True,store_id=52|dept_id=BOOKS|dept_id=SCHOOL AND OFFICE SUPPLIES,1.1,"{""js_threshold"": 0.015, ""l_inf_threshold"": 0.06, ""slice_columns"": [""cat_id"", ""dept_id"", ""state_id"", ""store_id""], ""min_slice_size"": 20, ""coarse_score_bar"": 0.005, ""burst_score_bar"": 60.0, ""fallback_slice_cols"": [""cat_id"", ""item_id""]}",False,False,False,False,
frozen,42,intermittent,13,2017-03-17,item_id=1167188,True,dept_id=PREPARED FOODS|dept_id=SCHOOL AND OFFICE SUPPLIES|dept_id=BOOKS,1.0,"{""js_threshold"": 0.015, ""l_inf_threshold"": 0.06, ""slice_columns"": [""cat_id"", ""dept_id"", ""state_id"", ""store_id""], ""min_slice_size"": 20, ""coarse_score_bar"": 0.005, ""burst_score_bar"": 60.0, ""fallback_slice_cols"": [""cat_id"", ""item_id""]}",False,False,False,False,
frozen,42,intermittent,14,2017-02-07,item_id=1695956,True,dept_id=FROZEN FOODS|dept_id=CLEANING|dept_id=BOOKS,1.0,"{""js_threshold"": 0.015, ""l_inf_threshold"": 0.06, ""slice_columns"": [""cat_id"", ""dept_id"", ""state_id"", ""store_id""], ""min_slice_size"": 20, ""coarse_score_bar"": 0.005, ""burst_score_bar"": 60.0, ""fallback_slice_cols"": [""cat_id"", ""item_id""]}",False,False,False,False,
frozen,42,intermittent,15,2017-04-28,item_id=2086882,True,store_id=52|dept_id=PREPARED FOODS|state_id=Manabi,1.0,"{""js_threshold"": 0.015, ""l_inf_threshold"": 0.06, ""slice_columns"": [""cat_id"", ""dept_id"", ""state_id"", ""store_id""], ""min_slice_size"": 20, ""coarse_score_bar"": 0.005, ""burst_score_bar"": 60.0, ""fallback_slice_cols"": [""cat_id"", ""item_id""]}",False,False,False,False,
frozen,42,intermittent,16,2017-06-04,item_id=1717269,True,dept_id=BOOKS|dept_id=SCHOOL AND OFFICE SUPPLIES|dept_id=DAIRY,1.2,"{""js_threshold"": 0.015, ""l_inf_threshold"": 0.06, ""slice_columns"": [""cat_id"", ""dept_id"", ""state_id"", ""store_id""], ""min_slice_size"": 20, ""coarse_score_bar"": 0.005, ""burst_score_bar"": 60.0, ""fallback_slice_cols"": [""cat_id"", ""item_id""]}",False,False,False,True,
frozen,42,intermittent,17,2017-02-28,item_id=1584307,True,dept_id=BOOKS|dept_id=HOME APPLIANCES|dept_id=BREAD/BAKERY,1.3,"{""js_threshold"": 0.015, ""l_inf_threshold"": 0.06, ""slice_columns"": [""cat_id"", ""dept_id"", ""state_id"", ""store_id""], ""min_slice_size"": 20, ""coarse_score_bar"": 0.005, ""burst_score_bar"": 60.0, ""fallback_slice_cols"": [""cat_id"", ""item_id""]}",False,False,False,False,
frozen,42,intermittent,18,2017-02-02,item_id=857332,True,dept_id=FROZEN FOODS|dept_id=CLEANING|dept_id=HOME APPLIANCES,1.2,"{""js_threshold"": 0.015, ""l_inf_threshold"": 0.06, ""slice_columns"": [""cat_id"", ""dept_id"", ""state_id"", ""store_id""], ""min_slice_size"": 20, ""coarse_score_bar"": 0.005, ""burst_score_bar"": 60.0, ""fallback_slice_cols"": [""cat_id"", ""item_id""]}",False,False,False,False,
frozen,42,intermittent,19,2017-02-23,item_id=1247036,True,dept_id=BOOKS|dept_id=SEAFOOD|dept_id=HOME APPLIANCES,1.1,"{""js_threshold"": 0.015, ""l_inf_threshold"": 0.06, ""slice_columns"": [""cat_id"", ""dept_id"", ""state_id"", ""store_id""], ""min_slice_size"": 20, ""coarse_score_bar"": 0.005, ""burst_score_bar"": 60.0, ""fallback_slice_cols"": [""cat_id"", ""item_id""]}",False,False,False,True,
frozen,123,sudden,0,2017-03-31,state_id=Pastaza,True,store_id=52|dept_id=PREPARED FOODS|dept_id=SCHOOL AND OFFICE SUPPLIES,1.2,"{""js_threshold"": 0.015, ""l_inf_threshold"": 0.06, ""slice_columns"": [""cat_id"", ""dept_id"", ""state_id"", ""store_id""], ""min_slice_size"": 20, ""coarse_score_bar"": 0.005, ""burst_score_bar"": 60.0, ""fallback_slice_cols"": [""cat_id"", ""item_id""]}",False,False,False,False,4
frozen,123,sudden,1,2017-07-08,cat_id=PERISHABLE,True,dept_id=DELI|dept_id=EGGS|dept_id=DAIRY,0.8,"{""js_threshold"": 0.015, ""l_inf_threshold"": 0.06, ""slice_columns"": [""cat_id"", ""dept_id"", ""state_id"", ""store_id""], ""min_slice_size"": 20, ""coarse_score_bar"": 0.005, ""burst_score_bar"": 60.0, ""fallback_slice_cols"": [""cat_id"", ""item_id""]}",False,True,False,True,
frozen,123,sudden,2,2017-02-08,dept_id=PREPARED FOODS,True,dept_id=FROZEN FOODS|dept_id=BOOKS|dept_id=CLEANING,1.1,"{""js_threshold"": 0.015, ""l_inf_threshold"": 0.06, ""slice_columns"": [""cat_id"", ""dept_id"", ""state_id"", ""store_id""], ""min_slice_size"": 20, ""coarse_score_bar"": 0.005, ""burst_score_bar"": 60.0, ""fallback_slice_cols"": [""cat_id"", ""item_id""]}",False,False,False,False,4
frozen,123,sudden,3,2017-07-14,item_id=1576328,True,dept_id=HOME APPLIANCES|dept_id=SCHOOL AND OFFICE SUPPLIES|dept_id=BREAD/BAKERY,1.0,"{""js_threshold"": 0.015, ""l_inf_threshold"": 0.06, ""slice_columns"": [""cat_id"", ""dept_id"", ""state_id"", ""store_id""], ""min_slice_size"": 20, ""coarse_score_bar"": 0.005, ""burst_score_bar"": 60.0, ""fallback_slice_cols"": [""cat_id"", ""item_id""]}",False,False,False,False,
frozen,123,sudden,4,2017-03-06,cat_id=NON_PERISHABLE,True,dept_id=CLEANING|dept_id=HOME CARE|dept_id=BOOKS,1.1,"{""js_threshold"": 0.015, ""l_inf_threshold"": 0.06, ""slice_columns"": [""cat_id"", ""dept_id"", ""state_id"", ""store_id""], ""min_slice_size"": 20, ""coarse_score_bar"": 0.005, ""burst_score_bar"": 60.0, ""fallback_slice_cols"": [""cat_id"", ""item_id""]}",False,True,False,True,
frozen,123,sudden,5,2017-02-24,state_id=Imbabura,True,dept_id=BOOKS|state_id=Imbabura|store_id=15,1.1,"{""js_threshold"": 0.015, ""l_inf_threshold"": 0.06, ""slice_columns"": [""cat_id"", ""dept_id"", ""state_id"", ""store_id""], ""min_slice_size"": 20, ""coarse_score_bar"": 0.005, ""burst_score_bar"": 60.0, ""fallback_slice_cols"": [""cat_id"", ""item_id""]}",False,False,True,True,2
frozen,123,sudden,6,2017-06-21,store_id=1,True,dept_id=SCHOOL AND OFFICE SUPPLIES|store_id=1|dept_id=BOOKS,1.1,"{""js_threshold"": 0.015, ""l_inf_threshold"": 0.06, ""slice_columns"": [""cat_id"", ""dept_id"", ""state_id"", ""store_id""], ""min_slice_size"": 20, ""coarse_score_bar"": 0.005, ""burst_score_bar"": 60.0, ""fallback_slice_cols"": [""cat_id"", ""item_id""]}",False,False,True,True,2
frozen,123,sudden,7,2017-05-10,store_id=46,True,store_id=52|dept_id=BOOKS|store_id=46,1.1,"{""js_threshold"": 0.015, ""l_inf_threshold"": 0.06, ""slice_columns"": [""cat_id"", ""dept_id"", ""state_id"", ""store_id""], ""min_slice_size"": 20, ""coarse_score_bar"": 0.005, ""burst_score_bar"": 60.0, ""fallback_slice_cols"": [""cat_id"", ""item_id""]}",False,False,True,True,3
frozen,123,sudden,8,2017-04-11,state_id=Loja,True,store_id=52|dept_id=PREPARED FOODS|state_id=Loja,1.1,"{""js_threshold"": 0.015, ""l_inf_threshold"": 0.06, ""slice_columns"": [""cat_id"", ""dept_id"", ""state_id"", ""store_id""], ""min_slice_size"": 20, ""coarse_score_bar"": 0.005, ""burst_score_bar"": 60.0, ""fallback_slice_cols"": [""cat_id"", ""item_id""]}",False,False,True,True,3
frozen,123,sudden,9,2017-04-10,state_id=Los Rios,True,store_id=52|dept_id=PREPARED FOODS|dept_id=SCHOOL AND OFFICE SUPPLIES,1.1,"{""js_threshold"": 0.015, ""l_inf_threshold"": 0.06, ""slice_columns"": [""cat_id"", ""dept_id"", ""state_id"", ""store_id""], ""min_slice_size"": 20, ""coarse_score_bar"": 0.005, ""burst_score_bar"": 60.0, ""fallback_slice_cols"": [""cat_id"", ""item_id""]}",False,False,False,False,5
frozen,123,sudden,10,2017-01-31,dept_id=MEATS,True,dept_id=FROZEN FOODS|dept_id=HOME APPLIANCES|dept_id=CLEANING,1.1,"{""js_threshold"": 0.015, ""l_inf_threshold"": 0.06, ""slice_columns"": [""cat_id"", ""dept_id"", ""state_id"", ""store_id""], ""min_slice_size"": 20, ""coarse_score_bar"": 0.005, ""burst_score_bar"": 60.0, ""fallback_slice_cols"": [""cat_id"", ""item_id""]}",False,False,False,False,
frozen,123,sudden,11,2017-03-28,state_id=Manabi,True,store_id=52|dept_id=PREPARED FOODS|dept_id=SCHOOL AND OFFICE SUPPLIES,1.1,"{""js_threshold"": 0.015, ""l_inf_threshold"": 0.06, ""slice_columns"": [""cat_id"", ""dept_id"", ""state_id"", ""store_id""], ""min_slice_size"": 20, ""coarse_score_bar"": 0.005, ""burst_score_bar"": 60.0, ""fallback_slice_cols"": [""cat_id"", ""item_id""]}",False,True,False,True,5
frozen,123,sudden,12,2017-07-08,item_id=1047756,True,dept_id=HOME APPLIANCES|dept_id=SCHOOL AND OFFICE SUPPLIES|dept_id=BOOKS,1.1,"{""js_threshold"": 0.015, ""l_inf_threshold"": 0.06, ""slice_columns"": [""cat_id"", ""dept_id"", ""state_id"", ""store_id""], ""min_slice_size"": 20, ""coarse_score_bar"": 0.005, ""burst_score_bar"": 60.0, ""fallback_slice_cols"": [""cat_id"", ""item_id""]}",False,False,False,False,
frozen,123,sudden,13,2017-02-02,store_id=25,True,dept_id=FROZEN FOODS|state_id=Santa Elena|store_id=25,1.1,"{""js_threshold"": 0.015, ""l_inf_threshold"": 0.06, ""slice_columns"": [""cat_id"", ""dept_id"", ""state_id"", ""store_id""], ""min_slice_size"": 20, ""coarse_score_bar"": 0.005, ""burst_score_bar"": 60.0, ""fallback_slice_cols"": [""cat_id"", ""item_id""]}",False,False,True,True,3
frozen,123,sudden,14,2017-04-13,cat_id=PERISHABLE,True,store_id=52|dept_id=PREPARED FOODS|state_id=Manabi,1.1,"{""js_threshold"": 0.015, ""l_inf_threshold"": 0.06, ""slice_columns"": [""cat_id"", ""dept_id"", ""state_id"", ""store_id""], ""min_slice_size"": 20, ""coarse_score_bar"": 0.005, ""burst_score_bar"": 60.0, ""fallback_slice_cols"": [""cat_id"", ""item_id""]}",False,False,False,True,
frozen,123,sudden,15,2017-02-05,cat_id=PERISHABLE,True,dept_id=FROZEN FOODS|dept_id=BREAD/BAKERY|dept_id=CLEANING,1.1,"{""js_threshold"": 0.015, ""l_inf_threshold"": 0.06, ""slice_columns"": [""cat_id"", ""dept_id"", ""state_id"", ""store_id""], ""min_slice_size"": 20, ""coarse_score_bar"": 0.005, ""burst_score_bar"": 60.0, ""fallback_slice_cols"": [""cat_id"", ""item_id""]}",False,False,False,True,
frozen,123,sudden,16,2017-02-20,dept_id=AUTOMOTIVE,True,dept_id=BOOKS|dept_id=FROZEN FOODS|dept_id=HOME APPLIANCES,1.1,"{""js_threshold"": 0.015, ""l_inf_threshold"": 0.06, ""slice_columns"": [""cat_id"", ""dept_id"", ""state_id"", ""store_id""], ""min_slice_size"": 20, ""coarse_score_bar"": 0.005, ""burst_score_bar"": 60.0, ""fallback_slice_cols"": [""cat_id"", ""item_id""]}",False,False,False,False,
frozen,123,sudden,17,2017-03-29,item_id=357962,True,store_id=52|dept_id=PREPARED FOODS|dept_id=SCHOOL AND OFFICE SUPPLIES,1.1,"{""js_threshold"": 0.015, ""l_inf_threshold"": 0.06, ""slice_columns"": [""cat_id"", ""dept_id"", ""state_id"", ""store_id""], ""min_slice_size"": 20, ""coarse_score_bar"": 0.005, ""burst_score_bar"": 60.0, ""fallback_slice_cols"": [""cat_id"", ""item_id""]}",False,False,False,False,
frozen,123,sudden,18,2017-05-12,store_id=17,True,store_id=52|dept_id=BOOKS|dept_id=PREPARED FOODS,1.1,"{""js_threshold"": 0.015, ""l_inf_threshold"": 0.06, ""slice_columns"": [""cat_id"", ""dept_id"", ""state_id"", ""store_id""], ""min_slice_size"": 20, ""coarse_score_bar"": 0.005, ""burst_score_bar"": 60.0, ""fallback_slice_cols"": [""cat_id"", ""item_id""]}",False,False,False,False,5
frozen,123,sudden,19,2017-02-14,item_id=2049003,True,dept_id=FROZEN FOODS|dept_id=BOOKS|dept_id=CLEANING,1.1,"{""js_threshold"": 0.015, ""l_inf_threshold"": 0.06, ""slice_columns"": [""cat_id"", ""dept_id"", ""state_id"", ""store_id""], ""min_slice_size"": 20, ""coarse_score_bar"": 0.005, ""burst_score_bar"": 60.0, ""fallback_slice_cols"": [""cat_id"", ""item_id""]}",False,False,False,False,
frozen,123,gradual,0,2017-03-13,item_id=1457338,True,dept_id=BOOKS|dept_id=SCHOOL AND OFFICE SUPPLIES|dept_id=PREPARED FOODS,1.1,"{""js_threshold"": 0.015, ""l_inf_threshold"": 0.06, ""slice_columns"": [""cat_id"", ""dept_id"", ""state_id"", ""store_id""], ""min_slice_size"": 20, ""coarse_score_bar"": 0.005, ""burst_score_bar"": 60.0, ""fallback_slice_cols"": [""cat_id"", ""item_id""]}",False,False,False,False,
frozen,123,gradual,1,2017-05-10,dept_id=LADIESWEAR,True,store_id=52|dept_id=BOOKS|dept_id=PREPARED FOODS,1.1,"{""js_threshold"": 0.015, ""l_inf_threshold"": 0.06, ""slice_columns"": [""cat_id"", ""dept_id"", ""state_id"", ""store_id""], ""min_slice_size"": 20, ""coarse_score_bar"": 0.005, ""burst_score_bar"": 60.0, ""fallback_slice_cols"": [""cat_id"", ""item_id""]}",False,False,False,False,
frozen,123,gradual,2,2017-03-05,item_id=1062374,True,dept_id=BOOKS|dept_id=SCHOOL AND OFFICE SUPPLIES|dept_id=BREAD/BAKERY,1.1,"{""js_threshold"": 0.015, ""l_inf_threshold"": 0.06, ""slice_columns"": [""cat_id"", ""dept_id"", ""state_id"", ""store_id""], ""min_slice_size"": 20, ""coarse_score_bar"": 0.005, ""burst_score_bar"": 60.0, ""fallback_slice_cols"": [""cat_id"", ""item_id""]}",False,False,False,False,
frozen,123,gradual,3,2017-07-15,store_id=45,True,dept_id=HOME APPLIANCES|dept_id=SCHOOL AND OFFICE SUPPLIES|dept_id=BREAD/BAKERY,1.1,"{""js_threshold"": 0.015, ""l_inf_threshold"": 0.06, ""slice_columns"": [""cat_id"", ""dept_id"", ""state_id"", ""store_id""], ""min_slice_size"": 20, ""coarse_score_bar"": 0.005, ""burst_score_bar"": 60.0, ""fallback_slice_cols"": [""cat_id"", ""item_id""]}",False,False,False,False,
frozen,123,gradual,4,2017-02-18,state_id=Cotopaxi,True,store_id=13|dept_id=FROZEN FOODS|state_id=Cotopaxi,1.1,"{""js_threshold"": 0.015, ""l_inf_threshold"": 0.06, ""slice_columns"": [""cat_id"", ""dept_id"", ""state_id"", ""store_id""], ""min_slice_size"": 20, ""coarse_score_bar"": 0.005, ""burst_score_bar"": 60.0, ""fallback_slice_cols"": [""cat_id"", ""item_id""]}",False,True,True,True,3
frozen,123,gradual,5,2017-03-07,dept_id=PERSONAL CARE,True,dept_id=PERSONAL CARE|dept_id=BOOKS|dept_id=SCHOOL AND OFFICE SUPPLIES,1.1,"{""js_threshold"": 0.015, ""l_inf_threshold"": 0.06, ""slice_columns"": [""cat_id"", ""dept_id"", ""state_id"", ""store_id""], ""min_slice_size"": 20, ""coarse_score_bar"": 0.005, ""burst_score_bar"": 60.0, ""fallback_slice_cols"": [""cat_id"", ""item_id""]}",True,True,True,True,1
frozen,123,gradual,6,2017-05-02,item_id=1253708,True,store_id=52|dept_id=PREPARED FOODS|dept_id=BOOKS,1.0,"{""js_threshold"": 0.015, ""l_inf_threshold"": 0.06, ""slice_columns"": [""cat_id"", ""dept_id"", ""state_id"", ""store_id""], ""min_slice_size"": 20, ""coarse_score_bar"": 0.005, ""burst_score_bar"": 60.0, ""fallback_slice_cols"": [""cat_id"", ""item_id""]}",False,False,False,False,
frozen,123,gradual,7,2017-07-02,dept_id=PLAYERS AND ELECTRONICS,True,dept_id=HOME APPLIANCES|dept_id=BOOKS|dept_id=PRODUCE,1.0,"{""js_threshold"": 0.015, ""l_inf_threshold"": 0.06, ""slice_columns"": [""cat_id"", ""dept_id"", ""state_id"", ""store_id""], ""min_slice_size"": 20, ""coarse_score_bar"": 0.005, ""burst_score_bar"": 60.0, ""fallback_slice_cols"": [""cat_id"", ""item_id""]}",False,False,False,False,
frozen,123,gradual,8,2017-06-17,dept_id=DAIRY,True,dept_id=SCHOOL AND OFFICE SUPPLIES|dept_id=BOOKS|dept_id=DAIRY,1.0,"{""js_threshold"": 0.015, ""l_inf_threshold"": 0.06, ""slice_columns"": [""cat_id"", ""dept_id"", ""state_id"", ""store_id""], ""min_slice_size"": 20, ""coarse_score_bar"": 0.005, ""burst_score_bar"": 60.0, ""fallback_slice_cols"": [""cat_id"", ""item_id""]}",False,False,True,True,3
frozen,123,gradual,9,2017-01-30,item_id=167437,True,dept_id=FROZEN FOODS|dept_id=HOME APPLIANCES|dept_id=CLEANING,1.0,"{""js_threshold"": 0.015, ""l_inf_threshold"": 0.06, ""slice_columns"": [""cat_id"", ""dept_id"", ""state_id"", ""store_id""], ""min_slice_size"": 20, ""coarse_score_bar"": 0.005, ""burst_score_bar"": 60.0, ""fallback_slice_cols"": [""cat_id"", ""item_id""]}",False,False,False,False,
frozen,123,gradual,10,2017-03-20,state_id=Santa Elena,True,dept_id=PREPARED FOODS|dept_id=SCHOOL AND OFFICE SUPPLIES|dept_id=BOOKS,1.0,"{""js_threshold"": 0.015, ""l_inf_threshold"": 0.06, ""slice_columns"": [""cat_id"", ""dept_id"", ""state_id"", ""store_id""], ""min_slice_size"": 20, ""coarse_score_bar"": 0.005, ""burst_score_bar"": 60.0, ""fallback_slice_cols"": [""cat_id"", ""item_id""]}",False,False,False,False,4
frozen,123,gradual,11,2017-04-22,item_id=1457344,True,store_id=52|dept_id=PREPARED FOODS|state_id=Manabi,1.0,"{""js_threshold"": 0.015, ""l_inf_threshold"": 0.06, ""slice_columns"": [""cat_id"", ""dept_id"", ""state_id"", ""store_id""], ""min_slice_size"": 20, ""coarse_score_bar"": 0.005, ""burst_score_bar"": 60.0, ""fallback_slice_cols"": [""cat_id"", ""item_id""]}",False,False,False,False,
frozen,123,gradual,12,2017-03-06,item_id=673496,True,dept_id=BOOKS|dept_id=SCHOOL AND OFFICE SUPPLIES|dept_id=BREAD/BAKERY,1.1,"{""js_threshold"": 0.015, ""l_inf_threshold"": 0.06, ""slice_columns"": [""cat_id"", ""dept_id"", ""state_id"", ""store_id""], ""min_slice_size"": 20, ""coarse_score_bar"": 0.005, ""burst_score_bar"": 60.0, ""fallback_slice_cols"": [""cat_id"", ""item_id""]}",False,False,False,False,
frozen,123,gradual,13,2017-02-01,cat_id=PERISHABLE,True,dept_id=FROZEN FOODS|dept_id=BREAD/BAKERY|dept_id=CLEANING,1.0,"{""js_threshold"": 0.015, ""l_inf_threshold"": 0.06, ""slice_columns"": [""cat_id"", ""dept_id"", ""state_id"", ""store_id""], ""min_slice_size"": 20, ""coarse_score_bar"": 0.005, ""burst_score_bar"": 60.0, ""fallback_slice_cols"": [""cat_id"", ""item_id""]}",False,False,False,True,
frozen,123,gradual,14,2017-04-07,dept_id=CLEANING,True,store_id=52|dept_id=PREPARED FOODS|dept_id=SCHOOL AND OFFICE SUPPLIES,1.0,"{""js_threshold"": 0.015, ""l_inf_threshold"": 0.06, ""slice_columns"": [""cat_id"", ""dept_id"", ""state_id"", ""store_id""], ""min_slice_size"": 20, ""coarse_score_bar"": 0.005, ""burst_score_bar"": 60.0, ""fallback_slice_cols"": [""cat_id"", ""item_id""]}",False,False,False,False,
frozen,123,gradual,15,2017-05-02,cat_id=NON_PERISHABLE,True,store_id=52|dept_id=CELEBRATION|dept_id=HOME APPLIANCES,0.5,"{""js_threshold"": 0.015, ""l_inf_threshold"": 0.06, ""slice_columns"": [""cat_id"", ""dept_id"", ""state_id"", ""store_id""], ""min_slice_size"": 20, ""coarse_score_bar"": 0.005, ""burst_score_bar"": 60.0, ""fallback_slice_cols"": [""cat_id"", ""item_id""]}",False,False,False,True,
frozen,123,gradual,16,2017-03-13,item_id=857332,True,dept_id=BOOKS|dept_id=SCHOOL AND OFFICE SUPPLIES|dept_id=PREPARED FOODS,1.0,"{""js_threshold"": 0.015, ""l_inf_threshold"": 0.06, ""slice_columns"": [""cat_id"", ""dept_id"", ""state_id"", ""store_id""], ""min_slice_size"": 20, ""coarse_score_bar"": 0.005, ""burst_score_bar"": 60.0, ""fallback_slice_cols"": [""cat_id"", ""item_id""]}",False,False,False,False,
frozen,123,gradual,17,2017-05-31,cat_id=NON_PERISHABLE,True,dept_id=CELEBRATION|dept_id=HOME APPLIANCES|dept_id=PERSONAL CARE,0.5,"{""js_threshold"": 0.015, ""l_inf_threshold"": 0.06, ""slice_columns"": [""cat_id"", ""dept_id"", ""state_id"", ""store_id""], ""min_slice_size"": 20, ""coarse_score_bar"": 0.005, ""burst_score_bar"": 60.0, ""fallback_slice_cols"": [""cat_id"", ""item_id""]}",False,True,False,True,
frozen,123,gradual,18,2017-02-14,cat_id=NON_PERISHABLE,True,dept_id=BOOKS|dept_id=CELEBRATION|dept_id=HOME APPLIANCES,0.5,"{""js_threshold"": 0.015, ""l_inf_threshold"": 0.06, ""slice_columns"": [""cat_id"", ""dept_id"", ""state_id"", ""store_id""], ""min_slice_size"": 20, ""coarse_score_bar"": 0.005, ""burst_score_bar"": 60.0, ""fallback_slice_cols"": [""cat_id"", ""item_id""]}",False,True,False,True,
frozen,123,gradual,19,2017-05-29,state_id=Loja,True,dept_id=SCHOOL AND OFFICE SUPPLIES|dept_id=BOOKS|dept_id=DAIRY,1.0,"{""js_threshold"": 0.015, ""l_inf_threshold"": 0.06, ""slice_columns"": [""cat_id"", ""dept_id"", ""state_id"", ""store_id""], ""min_slice_size"": 20, ""coarse_score_bar"": 0.005, ""burst_score_bar"": 60.0, ""fallback_slice_cols"": [""cat_id"", ""item_id""]}",False,False,False,False,
frozen,123,intermittent,0,2017-03-14,item_id=1366212,True,dept_id=SCHOOL AND OFFICE SUPPLIES|dept_id=BOOKS|dept_id=PREPARED FOODS,1.0,"{""js_threshold"": 0.015, ""l_inf_threshold"": 0.06, ""slice_columns"": [""cat_id"", ""dept_id"", ""state_id"", ""store_id""], ""min_slice_size"": 20, ""coarse_score_bar"": 0.005, ""burst_score_bar"": 60.0, ""fallback_slice_cols"": [""cat_id"", ""item_id""]}",False,False,False,False,
frozen,123,intermittent,1,2017-04-03,item_id=1976349,True,store_id=52|dept_id=PREPARED FOODS|dept_id=SCHOOL AND OFFICE SUPPLIES,1.0,"{""js_threshold"": 0.015, ""l_inf_threshold"": 0.06, ""slice_columns"": [""cat_id"", ""dept_id"", ""state_id"", ""store_id""], ""min_slice_size"": 20, ""coarse_score_bar"": 0.005, ""burst_score_bar"": 60.0, ""fallback_slice_cols"": [""cat_id"", ""item_id""]}",False,False,False,False,
frozen,123,intermittent,2,2017-06-11,item_id=1584293,True,dept_id=SCHOOL AND OFFICE SUPPLIES|dept_id=BOOKS|dept_id=DAIRY,1.0,"{""js_threshold"": 0.015, ""l_inf_threshold"": 0.06, ""slice_columns"": [""cat_id"", ""dept_id"", ""state_id"", ""store_id""], ""min_slice_size"": 20, ""coarse_score_bar"": 0.005, ""burst_score_bar"": 60.0, ""fallback_slice_cols"": [""cat_id"", ""item_id""]}",False,False,False,False,
frozen,123,intermittent,3,2017-04-29,item_id=1392262,True,store_id=52|dept_id=PREPARED FOODS|state_id=Manabi,1.1,"{""js_threshold"": 0.015, ""l_inf_threshold"": 0.06, ""slice_columns"": [""cat_id"", ""dept_id"", ""state_id"", ""store_id""], ""min_slice_size"": 20, ""coarse_score_bar"": 0.005, ""burst_score_bar"": 60.0, ""fallback_slice_cols"": [""cat_id"", ""item_id""]}",False,False,False,False,
frozen,123,intermittent,4,2017-04-05,item_id=1576318,True,store_id=52|dept_id=PREPARED FOODS|dept_id=SCHOOL AND OFFICE SUPPLIES,1.1,"{""js_threshold"": 0.015, ""l_inf_threshold"": 0.06, ""slice_columns"": [""cat_id"", ""dept_id"", ""state_id"", ""store_id""], ""min_slice_size"": 20, ""coarse_score_bar"": 0.005, ""burst_score_bar"": 60.0, ""fallback_slice_cols"": [""cat_id"", ""item_id""]}",False,False,False,False,
frozen,123,intermittent,5,2017-07-09,item_id=214862,True,dept_id=HOME APPLIANCES|dept_id=SCHOOL AND OFFICE SUPPLIES|dept_id=BOOKS,1.0,"{""js_threshold"": 0.015, ""l_inf_threshold"": 0.06, ""slice_columns"": [""cat_id"", ""dept_id"", ""state_id"", ""store_id""], ""min_slice_size"": 20, ""coarse_score_bar"": 0.005, ""burst_score_bar"": 60.0, ""fallback_slice_cols"": [""cat_id"", ""item_id""]}",False,False,False,False,
frozen,123,intermittent,6,2017-04-10,item_id=509877,True,store_id=52|dept_id=PREPARED FOODS|dept_id=SCHOOL AND OFFICE SUPPLIES,1.0,"{""js_threshold"": 0.015, ""l_inf_threshold"": 0.06, ""slice_columns"": [""cat_id"", ""dept_id"", ""state_id"", ""store_id""], ""min_slice_size"": 20, ""coarse_score_bar"": 0.005, ""burst_score_bar"": 60.0, ""fallback_slice_cols"": [""cat_id"", ""item_id""]}",False,False,False,False,
frozen,123,intermittent,7,2017-04-04,item_id=732007,True,store_id=52|dept_id=PREPARED FOODS|dept_id=SCHOOL AND OFFICE SUPPLIES,1.1,"{""js_threshold"": 0.015, ""l_inf_threshold"": 0.06, ""slice_columns"": [""cat_id"", ""dept_id"", ""state_id"", ""store_id""], ""min_slice_size"": 20, ""coarse_score_bar"": 0.005, ""burst_score_bar"": 60.0, ""fallback_slice_cols"": [""cat_id"", ""item_id""]}",False,False,False,False,
frozen,123,intermittent,8,2017-04-01,item_id=818590,True,store_id=52|dept_id=PREPARED FOODS|dept_id=SCHOOL AND OFFICE SUPPLIES,1.0,"{""js_threshold"": 0.015, ""l_inf_threshold"": 0.06, ""slice_columns"": [""cat_id"", ""dept_id"", ""state_id"", ""store_id""], ""min_slice_size"": 20, ""coarse_score_bar"": 0.005, ""burst_score_bar"": 60.0, ""fallback_slice_cols"": [""cat_id"", ""item_id""]}",False,False,False,False,
frozen,123,intermittent,9,2017-06-13,item_id=1412379,True,dept_id=SCHOOL AND OFFICE SUPPLIES|dept_id=BOOKS|dept_id=DAIRY,1.1,"{""js_threshold"": 0.015, ""l_inf_threshold"": 0.06, ""slice_columns"": [""cat_id"", ""dept_id"", ""state_id"", ""store_id""], ""min_slice_size"": 20, ""coarse_score_bar"": 0.005, ""burst_score_bar"": 60.0, ""fallback_slice_cols"": [""cat_id"", ""item_id""]}",False,False,False,False,
frozen,123,intermittent,10,2017-04-19,item_id=589403,True,store_id=52|dept_id=PREPARED FOODS|state_id=Manabi,1.1,"{""js_threshold"": 0.015, ""l_inf_threshold"": 0.06, ""slice_columns"": [""cat_id"", ""dept_id"", ""state_id"", ""store_id""], ""min_slice_size"": 20, ""coarse_score_bar"": 0.005, ""burst_score_bar"": 60.0, ""fallback_slice_cols"": [""cat_id"", ""item_id""]}",False,False,False,False,
frozen,123,intermittent,11,2017-03-22,item_id=1356038,True,dept_id=PREPARED FOODS|dept_id=SCHOOL AND OFFICE SUPPLIES|store_id=52,1.1,"{""js_threshold"": 0.015, ""l_inf_threshold"": 0.06, ""slice_columns"": [""cat_id"", ""dept_id"", ""state_id"", ""store_id""], ""min_slice_size"": 20, ""coarse_score_bar"": 0.005, ""burst_score_bar"": 60.0, ""fallback_slice_cols"": [""cat_id"", ""item_id""]}",False,False,False,False,
frozen,123,intermittent,12,2017-04-16,item_id=1584293,True,store_id=52|dept_id=PREPARED FOODS|state_id=Manabi,1.1,"{""js_threshold"": 0.015, ""l_inf_threshold"": 0.06, ""slice_columns"": [""cat_id"", ""dept_id"", ""state_id"", ""store_id""], ""min_slice_size"": 20, ""coarse_score_bar"": 0.005, ""burst_score_bar"": 60.0, ""fallback_slice_cols"": [""cat_id"", ""item_id""]}",False,False,False,False,
frozen,123,intermittent,13,2017-02-07,item_id=2004738,True,dept_id=FROZEN FOODS|dept_id=BOOKS|dept_id=CLEANING,1.1,"{""js_threshold"": 0.015, ""l_inf_threshold"": 0.06, ""slice_columns"": [""cat_id"", ""dept_id"", ""state_id"", ""store_id""], ""min_slice_size"": 20, ""coarse_score_bar"": 0.005, ""burst_score_bar"": 60.0, ""fallback_slice_cols"": [""cat_id"", ""item_id""]}",False,False,False,True,
frozen,123,intermittent,14,2017-06-17,item_id=1911336,True,dept_id=SCHOOL AND OFFICE SUPPLIES|dept_id=BOOKS|dept_id=PRODUCE,1.1,"{""js_threshold"": 0.015, ""l_inf_threshold"": 0.06, ""slice_columns"": [""cat_id"", ""dept_id"", ""state_id"", ""store_id""], ""min_slice_size"": 20, ""coarse_score_bar"": 0.005, ""burst_score_bar"": 60.0, ""fallback_slice_cols"": [""cat_id"", ""item_id""]}",False,False,False,False,
frozen,123,intermittent,15,2017-05-16,item_id=1489880,True,store_id=52|dept_id=BOOKS|dept_id=SCHOOL AND OFFICE SUPPLIES,1.1,"{""js_threshold"": 0.015, ""l_inf_threshold"": 0.06, ""slice_columns"": [""cat_id"", ""dept_id"", ""state_id"", ""store_id""], ""min_slice_size"": 20, ""coarse_score_bar"": 0.005, ""burst_score_bar"": 60.0, ""fallback_slice_cols"": [""cat_id"", ""item_id""]}",False,False,False,False,
frozen,123,intermittent,16,2017-03-23,item_id=2048874,True,dept_id=PREPARED FOODS|store_id=52|dept_id=SCHOOL AND OFFICE SUPPLIES,1.1,"{""js_threshold"": 0.015, ""l_inf_threshold"": 0.06, ""slice_columns"": [""cat_id"", ""dept_id"", ""state_id"", ""store_id""], ""min_slice_size"": 20, ""coarse_score_bar"": 0.005, ""burst_score_bar"": 60.0, ""fallback_slice_cols"": [""cat_id"", ""item_id""]}",False,False,False,False,
frozen,123,intermittent,17,2017-05-02,item_id=557241,True,store_id=52|dept_id=PREPARED FOODS|dept_id=BOOKS,1.0,"{""js_threshold"": 0.015, ""l_inf_threshold"": 0.06, ""slice_columns"": [""cat_id"", ""dept_id"", ""state_id"", ""store_id""], ""min_slice_size"": 20, ""coarse_score_bar"": 0.005, ""burst_score_bar"": 60.0, ""fallback_slice_cols"": [""cat_id"", ""item_id""]}",False,False,False,False,
frozen,123,intermittent,18,2017-03-12,item_id=2045280,True,dept_id=SCHOOL AND OFFICE SUPPLIES|dept_id=BOOKS|dept_id=PREPARED FOODS,1.1,"{""js_threshold"": 0.015, ""l_inf_threshold"": 0.06, ""slice_columns"": [""cat_id"", ""dept_id"", ""state_id"", ""store_id""], ""min_slice_size"": 20, ""coarse_score_bar"": 0.005, ""burst_score_bar"": 60.0, ""fallback_slice_cols"": [""cat_id"", ""item_id""]}",False,False,False,False,
frozen,123,intermittent,19,2017-01-27,item_id=1944828,True,dept_id=FROZEN FOODS|dept_id=HOME APPLIANCES|dept_id=BOOKS,1.1,"{""js_threshold"": 0.015, ""l_inf_threshold"": 0.06, ""slice_columns"": [""cat_id"", ""dept_id"", ""state_id"", ""store_id""], ""min_slice_size"": 20, ""coarse_score_bar"": 0.005, ""burst_score_bar"": 60.0, ""fallback_slice_cols"": [""cat_id"", ""item_id""]}",False,False,False,False,
