comparison,group,metric,n_paired,both_right,only_x,only_y,both_wrong,rate_x,rate_y,mcnemar_exact_p
a_frozen_det vs b_llm_agent,sudden,strict_top1,40,0,1,1,38,0.025,0.025,1.0
a_frozen_det vs b_llm_agent,sudden,hier_top1,40,3,4,3,30,0.175,0.15,1.0
a_frozen_det vs b_llm_agent,sudden,strict_top3,40,3,7,4,26,0.25,0.175,0.548828125
a_frozen_det vs b_llm_agent,sudden,hier_top3,40,13,6,3,18,0.475,0.4,0.5078125
a_frozen_det vs b_llm_agent,gradual,strict_top1,38,1,1,3,33,0.05263157894736842,0.10526315789473684,0.625
a_frozen_det vs b_llm_agent,gradual,hier_top1,38,7,1,2,28,0.21052631578947367,0.23684210526315788,1.0
a_frozen_det vs b_llm_agent,gradual,strict_top3,38,6,2,4,26,0.21052631578947367,0.2631578947368421,0.6875
a_frozen_det vs b_llm_agent,gradual,hier_top3,38,13,2,2,21,0.39473684210526316,0.39473684210526316,1.0
a_frozen_det vs b_llm_agent,intermittent,strict_top1,40,0,0,4,36,0.0,0.1,0.125
a_frozen_det vs b_llm_agent,intermittent,hier_top1,40,1,0,5,34,0.025,0.15,0.0625
a_frozen_det vs b_llm_agent,intermittent,strict_top3,40,0,0,6,34,0.0,0.15,0.03125
a_frozen_det vs b_llm_agent,intermittent,hier_top3,40,2,2,10,26,0.1,0.3,0.03857421875
a_frozen_det vs b_llm_agent,ALL,strict_top1,118,1,2,8,107,0.025423728813559324,0.07627118644067797,0.109375
a_frozen_det vs b_llm_agent,ALL,hier_top1,118,11,5,10,92,0.13559322033898305,0.17796610169491525,0.30175781249999994
a_frozen_det vs b_llm_agent,ALL,strict_top3,118,9,9,14,86,0.15254237288135594,0.19491525423728814,0.4048728942871094
a_frozen_det vs b_llm_agent,ALL,hier_top3,118,28,10,15,65,0.3220338983050847,0.3644067796610169,0.42435622215270996
a_frozen_det vs c_retuned_det,sudden,strict_top1,40,1,0,1,38,0.025,0.05,1.0
a_frozen_det vs c_retuned_det,sudden,hier_top1,40,1,6,1,32,0.175,0.05,0.125
a_frozen_det vs c_retuned_det,sudden,strict_top3,40,4,6,1,29,0.25,0.125,0.125
a_frozen_det vs c_retuned_det,sudden,hier_top3,40,8,11,2,19,0.475,0.25,0.0224609375
a_frozen_det vs c_retuned_det,gradual,strict_top1,40,0,2,0,38,0.05,0.0,0.5
a_frozen_det vs c_retuned_det,gradual,hier_top1,40,6,2,0,32,0.2,0.15,0.5
a_frozen_det vs c_retuned_det,gradual,strict_top3,40,6,2,0,32,0.2,0.15,0.5
a_frozen_det vs c_retuned_det,gradual,hier_top3,40,13,2,0,25,0.375,0.325,0.5
a_frozen_det vs c_retuned_det,intermittent,strict_top1,40,0,0,9,31,0.0,0.225,0.00390625
a_frozen_det vs c_retuned_det,intermittent,hier_top1,40,0,1,9,30,0.025,0.225,0.021484375
a_frozen_det vs c_retuned_det,intermittent,strict_top3,40,0,0,31,9,0.0,0.775,9.313225746154785e-10
a_frozen_det vs c_retuned_det,intermittent,hier_top3,40,3,1,29,7,0.1,0.8,5.774199962615967e-08
a_frozen_det vs c_retuned_det,ALL,strict_top1,120,1,2,10,107,0.025,0.09166666666666666,0.03857421875
a_frozen_det vs c_retuned_det,ALL,hier_top1,120,7,9,10,94,0.13333333333333333,0.14166666666666666,1.0
a_frozen_det vs c_retuned_det,ALL,strict_top3,120,10,8,32,70,0.15,0.35,0.0001821658297558315
a_frozen_det vs c_retuned_det,ALL,hier_top3,120,24,14,31,51,0.31666666666666665,0.4583333333333333,0.016094360031274842
