arm,group,metric,k,n,n_trials,n_fallbacks,rate,ci_lo,ci_hi
a_frozen_det,sudden,strict_top1,1,40,40,0,0.025,0.0044268315026814095,0.1288136896347409
a_frozen_det,sudden,hier_top1,7,40,40,0,0.175,0.0874541374603592,0.31949990331787714
a_frozen_det,sudden,strict_top3,10,40,40,0,0.25,0.14187118639096302,0.40193961420768026
a_frozen_det,sudden,hier_top3,19,40,40,0,0.475,0.329354701126789,0.6250263789330753
a_frozen_det,gradual,strict_top1,2,40,40,0,0.05,0.013820667386148344,0.16503877369140962
a_frozen_det,gradual,hier_top1,8,40,40,0,0.2,0.10499989725437704,0.347573063463995
a_frozen_det,gradual,strict_top3,8,40,40,0,0.2,0.10499989725437704,0.347573063463995
a_frozen_det,gradual,hier_top3,15,40,40,0,0.375,0.24222979167233266,0.5296756086269889
a_frozen_det,intermittent,strict_top1,0,40,40,0,0.0,0.0,0.08762160119728664
a_frozen_det,intermittent,hier_top1,1,40,40,0,0.025,0.0044268315026814095,0.1288136896347409
a_frozen_det,intermittent,strict_top3,0,40,40,0,0.0,0.0,0.08762160119728664
a_frozen_det,intermittent,hier_top3,4,40,40,0,0.1,0.03957952868260638,0.23051775227522298
a_frozen_det,ALL,strict_top1,3,120,120,0,0.025,0.008538174769902228,0.0709300333278661
a_frozen_det,ALL,hier_top1,16,120,120,0,0.13333333333333333,0.08376608962687311,0.20564796574684285
a_frozen_det,ALL,strict_top3,18,120,120,0,0.15,0.09703812292584739,0.22467529356724508
a_frozen_det,ALL,hier_top3,38,120,120,0,0.31666666666666665,0.24022834604198925,0.40447868164486867
c_retuned_det,sudden,strict_top1,2,40,40,0,0.05,0.013820667386148344,0.16503877369140962
c_retuned_det,sudden,hier_top1,2,40,40,0,0.05,0.013820667386148344,0.16503877369140962
c_retuned_det,sudden,strict_top3,5,40,40,0,0.125,0.05459500250945401,0.261121198388511
c_retuned_det,sudden,hier_top3,10,40,40,0,0.25,0.14187118639096302,0.40193961420768026
c_retuned_det,gradual,strict_top1,0,40,40,0,0.0,0.0,0.08762160119728664
c_retuned_det,gradual,hier_top1,6,40,40,0,0.15,0.07061187717320358,0.2907232436648971
c_retuned_det,gradual,strict_top3,6,40,40,0,0.15,0.07061187717320358,0.2907232436648971
c_retuned_det,gradual,hier_top3,13,40,40,0,0.325,0.200845022317827,0.47982253810122333
c_retuned_det,intermittent,strict_top1,9,40,40,0,0.225,0.12316091323540743,0.37503096742310027
c_retuned_det,intermittent,hier_top1,9,40,40,0,0.225,0.12316091323540743,0.37503096742310027
c_retuned_det,intermittent,strict_top3,31,40,40,0,0.775,0.6249690325768998,0.8768390867645927
c_retuned_det,intermittent,hier_top3,32,40,40,0,0.8,0.652426936536005,0.895000102745623
c_retuned_det,ALL,strict_top1,11,120,120,0,0.09166666666666666,0.05195718284856543,0.15670846972670907
c_retuned_det,ALL,hier_top1,17,120,120,0,0.14166666666666666,0.09036879103483236,0.21519494489857183
c_retuned_det,ALL,strict_top3,42,120,120,0,0.35,0.2705189959028541,0.438786754022757
c_retuned_det,ALL,hier_top3,55,120,120,0,0.4583333333333333,0.3718612878252585,0.5473903093763002
b_llm_agent,sudden,strict_top1,1,40,40,0,0.025,0.0044268315026814095,0.1288136896347409
b_llm_agent,sudden,hier_top1,6,40,40,0,0.15,0.07061187717320358,0.2907232436648971
b_llm_agent,sudden,strict_top3,7,40,40,0,0.175,0.0874541374603592,0.31949990331787714
b_llm_agent,sudden,hier_top3,16,40,40,0,0.4,0.2634832568429192,0.5540410633965381
b_llm_agent,gradual,strict_top1,4,38,40,2,0.10526315789473684,0.04170257347553526,0.24130521722887316
b_llm_agent,gradual,hier_top1,9,38,40,2,0.23684210526315788,0.12993707017054082,0.39206812363239807
b_llm_agent,gradual,strict_top3,10,38,40,2,0.2631578947368421,0.14971621254798143,0.42008846187466364
b_llm_agent,gradual,hier_top3,15,38,40,2,0.39473684210526316,0.25598075748160104,0.5528213200395746
b_llm_agent,intermittent,strict_top1,4,40,40,0,0.1,0.03957952868260638,0.23051775227522298
b_llm_agent,intermittent,hier_top1,6,40,40,0,0.15,0.07061187717320358,0.2907232436648971
b_llm_agent,intermittent,strict_top3,6,40,40,0,0.15,0.07061187717320358,0.2907232436648971
b_llm_agent,intermittent,hier_top3,12,40,40,0,0.3,0.18074845229746528,0.45430018818144935
b_llm_agent,ALL,strict_top1,9,118,120,2,0.07627118644067797,0.040643209517551585,0.13861809473879955
b_llm_agent,ALL,hier_top1,21,118,120,2,0.17796610169491525,0.11944980105584081,0.2567887901789861
b_llm_agent,ALL,strict_top3,23,118,120,2,0.19491525423728814,0.13354074206772926,0.2755273969968436
b_llm_agent,ALL,hier_top3,43,118,120,2,0.3644067796610169,0.2831207446572377,0.4542428727047946
