seed,drift_type,trial,identical,top1_identical
42,gradual,0,True,True
42,gradual,1,True,True
42,gradual,2,False,True
42,gradual,3,True,True
42,gradual,4,True,True
42,gradual,5,True,True
42,gradual,6,True,True
42,gradual,7,True,True
42,gradual,8,True,True
42,gradual,9,True,True
42,gradual,10,True,True
42,gradual,11,True,True
42,gradual,12,True,True
42,gradual,13,True,True
42,gradual,14,True,True
42,gradual,15,True,True
42,gradual,16,True,True
42,gradual,17,True,True
42,gradual,18,True,True
42,gradual,19,True,True
42,intermittent,0,True,True
42,intermittent,1,True,True
42,intermittent,2,True,True
42,intermittent,3,True,True
42,intermittent,4,True,True
42,intermittent,5,True,True
42,intermittent,6,True,True
42,intermittent,7,True,True
42,intermittent,8,True,True
42,intermittent,9,False,True
42,intermittent,10,True,True
42,intermittent,11,True,True
42,intermittent,12,True,True
42,intermittent,13,True,True
42,intermittent,14,True,True
42,intermittent,15,True,True
42,intermittent,16,False,True
42,intermittent,17,True,True
42,intermittent,18,True,True
42,intermittent,19,True,True
42,sudden,0,True,True
42,sudden,1,True,True
42,sudden,2,True,True
42,sudden,3,True,True
42,sudden,4,True,True
42,sudden,5,True,True
42,sudden,6,True,True
42,sudden,7,True,True
42,sudden,8,True,True
42,sudden,9,True,True
42,sudden,10,True,True
42,sudden,11,True,True
42,sudden,12,False,True
42,sudden,13,True,True
42,sudden,14,True,True
42,sudden,15,True,True
42,sudden,16,True,True
42,sudden,17,True,True
42,sudden,18,True,True
42,sudden,19,True,True
123,gradual,0,True,True
123,gradual,1,True,True
123,gradual,2,True,True
123,gradual,3,True,True
123,gradual,4,True,True
123,gradual,5,True,True
123,gradual,6,True,True
123,gradual,7,True,True
123,gradual,8,True,True
123,gradual,9,True,True
123,gradual,10,True,True
123,gradual,11,True,True
123,gradual,12,True,True
123,gradual,13,True,True
123,gradual,14,True,True
123,gradual,15,True,True
123,gradual,16,True,True
123,gradual,17,True,True
123,gradual,18,True,True
123,gradual,19,True,True
123,intermittent,0,True,True
123,sudden,0,True,True
123,sudden,1,True,True
123,sudden,2,True,True
123,sudden,3,True,True
123,sudden,4,True,True
123,sudden,5,True,True
123,sudden,6,True,True
123,sudden,7,True,True
123,sudden,8,True,True
123,sudden,9,True,True
123,sudden,10,True,True
123,sudden,11,True,True
123,sudden,12,True,True
123,sudden,13,True,True
123,sudden,14,True,True
123,sudden,15,True,True
123,sudden,16,True,True
123,sudden,17,True,True
123,sudden,18,True,True
123,sudden,19,True,True
