seed,repeat,drift_type,group,n_detected,n_used_groq,groq_success_rate,det_strict_rate,det_strict_ci_lo,det_strict_ci_hi,det_hier_rate,det_hier_ci_lo,det_hier_ci_hi,det_strict_top3_rate,det_strict_top3_ci_lo,det_strict_top3_ci_hi,det_hier_top3_rate,det_hier_top3_ci_lo,det_hier_top3_ci_hi,groq_asfired_strict_rate,groq_asfired_strict_ci_lo,groq_asfired_strict_ci_hi,groq_used_only_strict_rate,groq_used_only_strict_ci_lo,groq_used_only_strict_ci_hi,groq_asfired_hier_rate,groq_asfired_hier_ci_lo,groq_asfired_hier_ci_hi,groq_used_only_hier_rate,groq_used_only_hier_ci_lo,groq_used_only_hier_ci_hi,groq_asfired_strict_top3_rate,groq_asfired_strict_top3_ci_lo,groq_asfired_strict_top3_ci_hi,groq_used_only_strict_top3_rate,groq_used_only_strict_top3_ci_lo,groq_used_only_strict_top3_ci_hi,groq_asfired_hier_top3_rate,groq_asfired_hier_top3_ci_lo,groq_asfired_hier_top3_ci_hi,groq_used_only_hier_top3_rate,groq_used_only_hier_top3_ci_lo,groq_used_only_hier_top3_ci_hi
42.0,0.0,gradual,per_seed_repeat,20,20,1.0,0.2,0.08065766257979806,0.41601743225189364,0.4,0.21880653237281705,0.6134184992377469,0.4,0.21880653237281705,0.6134184992377469,0.65,0.43285427668523624,0.818808175898918,0.2,0.08065766257979806,0.41601743225189364,0.2,0.08065766257979806,0.41601743225189364,0.4,0.21880653237281705,0.6134184992377469,0.4,0.21880653237281705,0.6134184992377469,0.35,0.18119182410108206,0.5671457233147638,0.35,0.18119182410108206,0.5671457233147638,0.65,0.43285427668523624,0.818808175898918,0.65,0.43285427668523624,0.818808175898918
42.0,0.0,intermittent,per_seed_repeat,20,20,1.0,0.1,0.027866481213768224,0.3010336452284873,0.2,0.08065766257979806,0.41601743225189364,0.25,0.11186170140766569,0.468700877618744,0.35,0.18119182410108206,0.5671457233147638,0.1,0.027866481213768224,0.3010336452284873,0.1,0.027866481213768224,0.3010336452284873,0.2,0.08065766257979806,0.41601743225189364,0.2,0.08065766257979806,0.41601743225189364,0.25,0.11186170140766569,0.468700877618744,0.25,0.11186170140766569,0.468700877618744,0.4,0.21880653237281705,0.6134184992377469,0.4,0.21880653237281705,0.6134184992377469
42.0,0.0,sudden,per_seed_repeat,20,20,1.0,0.3,0.1454772448676043,0.5189728183535235,0.8,0.5839825677481064,0.919342337420202,0.75,0.531299122381256,0.8881382985923343,0.8,0.5839825677481064,0.919342337420202,0.45,0.2581978582556243,0.6579146575496577,0.45,0.2581978582556243,0.6579146575496577,0.8,0.5839825677481064,0.919342337420202,0.8,0.5839825677481064,0.919342337420202,0.7,0.4810271816464765,0.8545227551323956,0.7,0.4810271816464765,0.8545227551323956,0.8,0.5839825677481064,0.919342337420202,0.8,0.5839825677481064,0.919342337420202
42.0,1.0,gradual,per_seed_repeat,20,20,1.0,0.2,0.08065766257979806,0.41601743225189364,0.4,0.21880653237281705,0.6134184992377469,0.4,0.21880653237281705,0.6134184992377469,0.65,0.43285427668523624,0.818808175898918,0.2,0.08065766257979806,0.41601743225189364,0.2,0.08065766257979806,0.41601743225189364,0.4,0.21880653237281705,0.6134184992377469,0.4,0.21880653237281705,0.6134184992377469,0.35,0.18119182410108206,0.5671457233147638,0.35,0.18119182410108206,0.5671457233147638,0.65,0.43285427668523624,0.818808175898918,0.65,0.43285427668523624,0.818808175898918
42.0,1.0,intermittent,per_seed_repeat,20,20,1.0,0.1,0.027866481213768224,0.3010336452284873,0.2,0.08065766257979806,0.41601743225189364,0.25,0.11186170140766569,0.468700877618744,0.35,0.18119182410108206,0.5671457233147638,0.1,0.027866481213768224,0.3010336452284873,0.1,0.027866481213768224,0.3010336452284873,0.2,0.08065766257979806,0.41601743225189364,0.2,0.08065766257979806,0.41601743225189364,0.25,0.11186170140766569,0.468700877618744,0.25,0.11186170140766569,0.468700877618744,0.45,0.2581978582556243,0.6579146575496577,0.45,0.2581978582556243,0.6579146575496577
42.0,1.0,sudden,per_seed_repeat,20,20,1.0,0.3,0.1454772448676043,0.5189728183535235,0.8,0.5839825677481064,0.919342337420202,0.75,0.531299122381256,0.8881382985923343,0.8,0.5839825677481064,0.919342337420202,0.45,0.2581978582556243,0.6579146575496577,0.45,0.2581978582556243,0.6579146575496577,0.8,0.5839825677481064,0.919342337420202,0.8,0.5839825677481064,0.919342337420202,0.75,0.531299122381256,0.8881382985923343,0.75,0.531299122381256,0.8881382985923343,0.8,0.5839825677481064,0.919342337420202,0.8,0.5839825677481064,0.919342337420202
123.0,0.0,gradual,per_seed_repeat,20,20,1.0,0.15,0.052368745896216595,0.36041886474075696,0.5,0.2992980081982123,0.7007019918017877,0.5,0.2992980081982123,0.7007019918017877,0.6,0.3865815007622531,0.781193467627183,0.15,0.052368745896216595,0.36041886474075696,0.15,0.052368745896216595,0.36041886474075696,0.5,0.2992980081982123,0.7007019918017877,0.5,0.2992980081982123,0.7007019918017877,0.5,0.2992980081982123,0.7007019918017877,0.5,0.2992980081982123,0.7007019918017877,0.6,0.3865815007622531,0.781193467627183,0.6,0.3865815007622531,0.781193467627183
123.0,0.0,intermittent,per_seed_repeat,20,20,1.0,0.1,0.027866481213768224,0.3010336452284873,0.3,0.1454772448676043,0.5189728183535235,0.15,0.052368745896216595,0.36041886474075696,0.4,0.21880653237281705,0.6134184992377469,0.1,0.027866481213768224,0.3010336452284873,0.1,0.027866481213768224,0.3010336452284873,0.3,0.1454772448676043,0.5189728183535235,0.3,0.1454772448676043,0.5189728183535235,0.15,0.052368745896216595,0.36041886474075696,0.15,0.052368745896216595,0.36041886474075696,0.35,0.18119182410108206,0.5671457233147638,0.35,0.18119182410108206,0.5671457233147638
123.0,0.0,sudden,per_seed_repeat,20,20,1.0,0.35,0.18119182410108206,0.5671457233147638,0.8,0.5839825677481064,0.919342337420202,0.8,0.5839825677481064,0.919342337420202,0.8,0.5839825677481064,0.919342337420202,0.4,0.21880653237281705,0.6134184992377469,0.4,0.21880653237281705,0.6134184992377469,0.8,0.5839825677481064,0.919342337420202,0.8,0.5839825677481064,0.919342337420202,0.6,0.3865815007622531,0.781193467627183,0.6,0.3865815007622531,0.781193467627183,0.8,0.5839825677481064,0.919342337420202,0.8,0.5839825677481064,0.919342337420202
123.0,1.0,gradual,per_seed_repeat,20,20,1.0,0.15,0.052368745896216595,0.36041886474075696,0.5,0.2992980081982123,0.7007019918017877,0.5,0.2992980081982123,0.7007019918017877,0.6,0.3865815007622531,0.781193467627183,0.15,0.052368745896216595,0.36041886474075696,0.15,0.052368745896216595,0.36041886474075696,0.5,0.2992980081982123,0.7007019918017877,0.5,0.2992980081982123,0.7007019918017877,0.5,0.2992980081982123,0.7007019918017877,0.5,0.2992980081982123,0.7007019918017877,0.6,0.3865815007622531,0.781193467627183,0.6,0.3865815007622531,0.781193467627183
123.0,1.0,intermittent,per_seed_repeat,20,20,1.0,0.1,0.027866481213768224,0.3010336452284873,0.3,0.1454772448676043,0.5189728183535235,0.15,0.052368745896216595,0.36041886474075696,0.4,0.21880653237281705,0.6134184992377469,0.1,0.027866481213768224,0.3010336452284873,0.1,0.027866481213768224,0.3010336452284873,0.3,0.1454772448676043,0.5189728183535235,0.3,0.1454772448676043,0.5189728183535235,0.15,0.052368745896216595,0.36041886474075696,0.15,0.052368745896216595,0.36041886474075696,0.45,0.2581978582556243,0.6579146575496577,0.45,0.2581978582556243,0.6579146575496577
123.0,1.0,sudden,per_seed_repeat,20,20,1.0,0.35,0.18119182410108206,0.5671457233147638,0.8,0.5839825677481064,0.919342337420202,0.8,0.5839825677481064,0.919342337420202,0.8,0.5839825677481064,0.919342337420202,0.4,0.21880653237281705,0.6134184992377469,0.4,0.21880653237281705,0.6134184992377469,0.8,0.5839825677481064,0.919342337420202,0.8,0.5839825677481064,0.919342337420202,0.65,0.43285427668523624,0.818808175898918,0.65,0.43285427668523624,0.818808175898918,0.8,0.5839825677481064,0.919342337420202,0.8,0.5839825677481064,0.919342337420202
,,gradual,pooled_by_drift_type,80,80,1.0,0.175,0.10720636440977926,0.2725754197883133,0.45,0.34577689184711224,0.5588049211064404,0.45,0.34577689184711224,0.5588049211064404,0.625,0.5154872546314301,0.7230582129846882,0.175,0.10720636440977926,0.2725754197883133,0.175,0.10720636440977926,0.2725754197883133,0.45,0.34577689184711224,0.5588049211064404,0.45,0.34577689184711224,0.5588049211064404,0.425,0.3225656178960177,0.5343071015343113,0.425,0.3225656178960177,0.5343071015343113,0.625,0.5154872546314301,0.7230582129846882,0.625,0.5154872546314301,0.7230582129846882
,,intermittent,pooled_by_drift_type,80,80,1.0,0.1,0.05154761556738083,0.18510688806104086,0.25,0.16806231857542375,0.3548467461923397,0.2,0.12702844043960787,0.30046243728170835,0.375,0.27694178701531175,0.48451274536857,0.1,0.05154761556738083,0.18510688806104086,0.1,0.05154761556738083,0.18510688806104086,0.25,0.16806231857542375,0.3548467461923397,0.25,0.16806231857542375,0.3548467461923397,0.2,0.12702844043960787,0.30046243728170835,0.2,0.12702844043960787,0.30046243728170835,0.4125,0.3110585761276188,0.5219595965410984,0.4125,0.3110585761276188,0.5219595965410984
,,sudden,pooled_by_drift_type,80,80,1.0,0.325,0.2324416184435817,0.4335947268938527,0.8,0.6995375627182917,0.8729715595603921,0.775,0.6721321021639265,0.8526679265915337,0.8,0.6995375627182917,0.8729715595603921,0.425,0.3225656178960177,0.5343071015343113,0.425,0.3225656178960177,0.5343071015343113,0.8,0.6995375627182917,0.8729715595603921,0.8,0.6995375627182917,0.8729715595603921,0.675,0.5664052731061473,0.7675583815564182,0.675,0.5664052731061473,0.7675583815564182,0.8,0.6995375627182917,0.8729715595603921,0.8,0.6995375627182917,0.8729715595603921
,,,pooled_overall,240,240,1.0,0.2,0.15429836688801402,0.25515398507692133,0.5,0.43724268978525527,0.5627573102147447,0.475,0.4127137961345513,0.5380738998625266,0.6,0.5369150750381051,0.659934140973583,0.23333333333333334,0.18428167904109316,0.2907870782610716,0.23333333333333334,0.18428167904109316,0.2907870782610716,0.5,0.43724268978525527,0.5627573102147447,0.5,0.43724268978525527,0.5627573102147447,0.43333333333333335,0.3721777620400387,0.4965894272855025,0.43333333333333335,0.3721777620400387,0.4965894272855025,0.6125,0.5495538698365403,0.6719014981766092,0.6125,0.5495538698365403,0.6719014981766092
