seed,drift_type,trial,ranking_repeat0,ranking_repeat1,identical,top1_identical
42,gradual,0,dept_id=FOODS_2|store_id=TX_1|dept_id=FOODS_3,dept_id=FOODS_2|store_id=TX_1|dept_id=FOODS_3,True,True
42,gradual,1,dept_id=HOBBIES_2|dept_id=FOODS_1|store_id=CA_2,dept_id=HOBBIES_2|dept_id=FOODS_1|store_id=CA_2,True,True
42,gradual,2,item_id=FOODS_2_128|item_id=HOBBIES_1_084|item_id=FOODS_3_680,item_id=FOODS_2_128|item_id=HOBBIES_1_084|item_id=FOODS_3_680,True,True
42,gradual,3,store_id=WI_1|store_id=WI_2|state_id=WI,store_id=WI_1|store_id=WI_2|state_id=WI,True,True
42,gradual,4,store_id=TX_1|state_id=TX|dept_id=FOODS_3,store_id=TX_1|state_id=TX|dept_id=FOODS_3,True,True
42,gradual,5,store_id=CA_1|store_id=CA_2|store_id=CA_3,store_id=CA_1|store_id=CA_2|store_id=CA_3,True,True
42,gradual,6,item_id=FOODS_3_764|item_id=FOODS_1_078|item_id=HOBBIES_2_077,item_id=FOODS_3_764|item_id=FOODS_1_078|item_id=HOBBIES_2_077,True,True
42,gradual,7,dept_id=HOUSEHOLD_2|cat_id=HOUSEHOLD|store_id=CA_3,dept_id=HOUSEHOLD_2|cat_id=HOUSEHOLD|store_id=CA_3,True,True
42,gradual,8,item_id=FOODS_3_764|item_id=HOUSEHOLD_1_011|item_id=HOUSEHOLD_2_339,item_id=FOODS_3_764|item_id=HOUSEHOLD_1_011|item_id=HOUSEHOLD_2_339,True,True
42,gradual,9,dept_id=FOODS_2|dept_id=FOODS_3|cat_id=FOODS,dept_id=FOODS_2|dept_id=FOODS_3|cat_id=FOODS,True,True
42,gradual,10,dept_id=FOODS_2|store_id=TX_2|store_id=TX_3,dept_id=FOODS_2|store_id=TX_2|store_id=TX_3,True,True
42,gradual,11,store_id=CA_1|store_id=CA_3|store_id=CA_2,store_id=CA_1|store_id=CA_3|store_id=CA_2,True,True
42,gradual,12,item_id=FOODS_2_128|item_id=FOODS_3_646|item_id=HOBBIES_1_084,item_id=FOODS_2_128|item_id=FOODS_3_646|item_id=HOBBIES_1_084,True,True
42,gradual,13,dept_id=FOODS_2|dept_id=FOODS_3|cat_id=FOODS,dept_id=FOODS_2|dept_id=FOODS_3|cat_id=FOODS,True,True
42,gradual,14,dept_id=HOBBIES_2|cat_id=HOBBIES|store_id=TX_1,dept_id=HOBBIES_2|store_id=TX_1|cat_id=HOBBIES,False,True
42,gradual,15,dept_id=FOODS_3|cat_id=FOODS|dept_id=FOODS_2,dept_id=FOODS_3|cat_id=FOODS|dept_id=FOODS_2,True,True
42,gradual,16,item_id=FOODS_3_764|item_id=HOUSEHOLD_1_011|item_id=HOUSEHOLD_2_339,item_id=FOODS_3_764|item_id=HOUSEHOLD_1_011|item_id=HOUSEHOLD_2_339,True,True
42,gradual,17,dept_id=HOUSEHOLD_1|cat_id=HOUSEHOLD|dept_id=FOODS_2,dept_id=HOUSEHOLD_1|cat_id=HOUSEHOLD|dept_id=FOODS_2,True,True
42,gradual,18,dept_id=FOODS_2|store_id=WI_1|dept_id=FOODS_3,dept_id=FOODS_2|store_id=WI_1|dept_id=FOODS_3,True,True
42,gradual,19,item_id=FOODS_3_646|item_id=FOODS_3_350|item_id=HOUSEHOLD_2_216,item_id=FOODS_3_646|item_id=FOODS_3_350|item_id=HOUSEHOLD_2_216,True,True
42,intermittent,0,dept_id=HOBBIES_2|dept_id=FOODS_1|dept_id=FOODS_2,dept_id=HOBBIES_2|dept_id=FOODS_2|dept_id=FOODS_1,False,True
42,intermittent,1,dept_id=FOODS_2|store_id=CA_4|store_id=WI_2,dept_id=FOODS_2|store_id=CA_4|store_id=WI_2,True,True
42,intermittent,2,item_id=FOODS_3_093|item_id=FOODS_3_764|item_id=HOUSEHOLD_1_011,item_id=FOODS_3_093|item_id=FOODS_3_764|item_id=HOUSEHOLD_1_011,True,True
42,intermittent,3,dept_id=FOODS_3|cat_id=FOODS|store_id=WI_2,dept_id=FOODS_3|cat_id=FOODS|store_id=WI_2,True,True
42,intermittent,4,dept_id=HOBBIES_2|store_id=WI_2|dept_id=FOODS_1,dept_id=HOBBIES_2|dept_id=FOODS_1|store_id=WI_2,False,True
42,intermittent,5,dept_id=HOBBIES_2|dept_id=FOODS_1|dept_id=FOODS_2,dept_id=HOBBIES_2|dept_id=FOODS_1|dept_id=FOODS_2,True,True
42,intermittent,6,dept_id=FOODS_3|cat_id=FOODS|store_id=WI_2,dept_id=FOODS_3|cat_id=FOODS|store_id=WI_2,True,True
42,intermittent,7,item_id=FOODS_3_646|item_id=HOBBIES_1_399|item_id=FOODS_3_350,item_id=FOODS_3_646|item_id=HOBBIES_1_399|item_id=FOODS_3_350,True,True
42,intermittent,8,item_id=HOUSEHOLD_1_011|item_id=FOODS_3_764|item_id=FOODS_1_078,item_id=HOUSEHOLD_1_011|item_id=FOODS_3_764|item_id=FOODS_1_078,True,True
42,intermittent,9,item_id=FOODS_2_128|item_id=HOBBIES_1_084|item_id=HOBBIES_1_031,item_id=FOODS_2_128|item_id=HOBBIES_1_084|item_id=HOBBIES_1_031,True,True
42,intermittent,10,dept_id=FOODS_2|dept_id=FOODS_1|dept_id=HOBBIES_2,dept_id=FOODS_2|dept_id=FOODS_3|dept_id=HOBBIES_2,False,True
42,intermittent,11,dept_id=HOBBIES_2|store_id=WI_2|dept_id=FOODS_1,dept_id=HOBBIES_2|store_id=WI_2|dept_id=FOODS_1,True,True
42,intermittent,12,dept_id=FOODS_3|cat_id=FOODS|store_id=WI_2,dept_id=FOODS_3|cat_id=FOODS|store_id=WI_2,True,True
42,intermittent,13,dept_id=FOODS_2|dept_id=FOODS_1|dept_id=HOBBIES_2,dept_id=FOODS_2|dept_id=FOODS_3|dept_id=FOODS_1,False,True
42,intermittent,14,dept_id=HOBBIES_2|dept_id=FOODS_1|dept_id=FOODS_2,dept_id=HOBBIES_2|dept_id=FOODS_1|dept_id=FOODS_2,True,True
42,intermittent,15,item_id=FOODS_1_069|item_id=FOODS_3_296|item_id=FOODS_3_150,item_id=FOODS_1_069|item_id=FOODS_3_296|item_id=FOODS_3_150,True,True
42,intermittent,16,item_id=FOODS_2_128|item_id=FOODS_3_350|item_id=HOBBIES_1_084,item_id=FOODS_2_128|item_id=FOODS_3_350|item_id=HOBBIES_1_084,True,True
42,intermittent,17,item_id=FOODS_3_764|item_id=HOUSEHOLD_1_011|item_id=HOUSEHOLD_2_339,item_id=FOODS_3_764|item_id=HOUSEHOLD_1_011|item_id=HOUSEHOLD_2_339,True,True
42,intermittent,18,dept_id=HOBBIES_2|dept_id=FOODS_1|dept_id=HOUSEHOLD_2,dept_id=HOBBIES_2|dept_id=FOODS_1|dept_id=HOUSEHOLD_2,True,True
42,intermittent,19,item_id=FOODS_3_764|item_id=FOODS_2_147|item_id=HOUSEHOLD_1_011,item_id=FOODS_3_764|item_id=FOODS_2_147|item_id=HOUSEHOLD_1_011,True,True
42,sudden,0,store_id=CA_2|dept_id=HOBBIES_2|dept_id=FOODS_3,store_id=CA_2|dept_id=HOBBIES_2|dept_id=FOODS_3,True,True
42,sudden,1,state_id=CA|store_id=CA_2|store_id=CA_1,state_id=CA|store_id=CA_2|store_id=CA_1,True,True
42,sudden,2,store_id=WI_1|store_id=WI_2|store_id=WI_3,store_id=WI_1|state_id=WI|store_id=WI_2,False,True
42,sudden,3,dept_id=HOUSEHOLD_1|cat_id=HOUSEHOLD|dept_id=HOUSEHOLD_2,dept_id=HOUSEHOLD_1|cat_id=HOUSEHOLD|dept_id=HOUSEHOLD_2,True,True
42,sudden,4,dept_id=FOODS_1|dept_id=FOODS_2|dept_id=FOODS_3,dept_id=FOODS_1|dept_id=FOODS_2|dept_id=FOODS_3,True,True
42,sudden,5,dept_id=HOUSEHOLD_1|dept_id=HOUSEHOLD_2|cat_id=HOUSEHOLD,dept_id=HOUSEHOLD_1|dept_id=HOUSEHOLD_2|cat_id=HOUSEHOLD,True,True
42,sudden,6,store_id=WI_2|dept_id=FOODS_3|cat_id=FOODS,store_id=WI_2|dept_id=FOODS_3|cat_id=FOODS,True,True
42,sudden,7,item_id=FOODS_2_128|item_id=FOODS_3_350|item_id=HOBBIES_1_084,item_id=FOODS_2_128|item_id=FOODS_3_350|item_id=HOBBIES_1_084,True,True
42,sudden,8,dept_id=FOODS_2|store_id=CA_4|store_id=WI_2,dept_id=FOODS_2|store_id=CA_4|store_id=WI_2,True,True
42,sudden,9,state_id=TX|store_id=TX_2|store_id=TX_3,state_id=TX|store_id=TX_2|store_id=TX_3,True,True
42,sudden,10,state_id=TX|store_id=TX_2|store_id=TX_3,state_id=TX|store_id=TX_2|store_id=TX_3,True,True
42,sudden,11,dept_id=FOODS_3|dept_id=FOODS_2|cat_id=FOODS,dept_id=FOODS_3|dept_id=FOODS_2|cat_id=FOODS,True,True
42,sudden,12,item_id=FOODS_2_128|item_id=FOODS_3_646|item_id=HOBBIES_1_084,item_id=FOODS_2_128|item_id=FOODS_3_646|item_id=HOBBIES_1_084,True,True
42,sudden,13,dept_id=FOODS_2|cat_id=FOODS|dept_id=FOODS_3,dept_id=FOODS_2|cat_id=FOODS|dept_id=FOODS_3,True,True
42,sudden,14,dept_id=FOODS_2|dept_id=FOODS_1|dept_id=HOBBIES_2,dept_id=FOODS_2|dept_id=FOODS_1|dept_id=HOBBIES_2,True,True
42,sudden,15,dept_id=HOBBIES_1|cat_id=HOBBIES|dept_id=HOBBIES_2,dept_id=HOBBIES_1|cat_id=HOBBIES|dept_id=HOBBIES_2,True,True
42,sudden,16,dept_id=FOODS_1|dept_id=FOODS_2|store_id=WI_2,dept_id=FOODS_1|dept_id=FOODS_2|store_id=WI_2,True,True
42,sudden,17,store_id=WI_1|state_id=WI|store_id=WI_3,store_id=WI_1|state_id=WI|store_id=WI_3,True,True
42,sudden,18,dept_id=HOBBIES_1|cat_id=HOBBIES|dept_id=HOBBIES_2,dept_id=HOBBIES_1|cat_id=HOBBIES|dept_id=HOBBIES_2,True,True
42,sudden,19,store_id=TX_1|dept_id=FOODS_2|state_id=TX,store_id=TX_1|dept_id=FOODS_2|state_id=TX,True,True
123,gradual,0,item_id=FOODS_3_764|item_id=HOUSEHOLD_1_011|item_id=HOUSEHOLD_2_339,item_id=FOODS_3_764|item_id=HOUSEHOLD_1_011|item_id=HOUSEHOLD_2_339,True,True
123,gradual,1,dept_id=HOUSEHOLD_1|cat_id=HOUSEHOLD|store_id=CA_1,dept_id=HOUSEHOLD_1|cat_id=HOUSEHOLD|store_id=CA_1,True,True
123,gradual,2,item_id=FOODS_3_764|item_id=HOUSEHOLD_1_011|item_id=HOUSEHOLD_2_339,item_id=FOODS_3_764|item_id=HOUSEHOLD_1_011|item_id=HOUSEHOLD_2_339,True,True
123,gradual,3,store_id=TX_3|dept_id=FOODS_2|state_id=TX,store_id=TX_3|dept_id=FOODS_2|state_id=TX,True,True
123,gradual,4,store_id=CA_2|state_id=CA|store_id=CA_3,store_id=CA_2|state_id=CA|store_id=CA_3,True,True
123,gradual,5,item_id=FOODS_3_764|item_id=HOUSEHOLD_1_011|item_id=HOUSEHOLD_2_339,item_id=FOODS_3_764|item_id=HOUSEHOLD_1_011|item_id=HOUSEHOLD_2_339,True,True
123,gradual,6,dept_id=FOODS_3|cat_id=FOODS|store_id=WI_2,dept_id=FOODS_3|cat_id=FOODS|store_id=WI_2,True,True
123,gradual,7,item_id=FOODS_3_646|item_id=FOODS_3_350|item_id=HOUSEHOLD_2_216,item_id=FOODS_3_646|item_id=FOODS_3_350|item_id=HOUSEHOLD_2_216,True,True
123,gradual,8,dept_id=FOODS_3|cat_id=FOODS|dept_id=FOODS_2,dept_id=FOODS_3|cat_id=FOODS|dept_id=FOODS_2,True,True
123,gradual,9,dept_id=HOBBIES_2|dept_id=FOODS_2|dept_id=FOODS_1,dept_id=HOBBIES_2|dept_id=FOODS_2|dept_id=FOODS_1,True,True
123,gradual,10,store_id=TX_2|store_id=TX_3|store_id=TX_1,store_id=TX_2|store_id=TX_3|store_id=TX_1,True,True
123,gradual,11,item_id=FOODS_3_150|item_id=FOODS_3_093|item_id=FOODS_1_069,item_id=FOODS_3_150|item_id=FOODS_3_093|item_id=FOODS_1_069,True,True
123,gradual,12,item_id=FOODS_3_764|item_id=HOUSEHOLD_1_011|item_id=HOUSEHOLD_2_339,item_id=FOODS_3_764|item_id=HOUSEHOLD_1_011|item_id=HOUSEHOLD_2_339,True,True
123,gradual,13,dept_id=HOUSEHOLD_1|cat_id=HOUSEHOLD|dept_id=HOUSEHOLD_2,dept_id=HOUSEHOLD_1|cat_id=HOUSEHOLD|dept_id=HOUSEHOLD_2,True,True
123,gradual,14,dept_id=HOBBIES_2|dept_id=FOODS_2|store_id=TX_1,dept_id=HOBBIES_2|dept_id=FOODS_2|store_id=TX_1,True,True
123,gradual,15,dept_id=HOBBIES_1|cat_id=HOBBIES|dept_id=HOBBIES_2,dept_id=HOBBIES_1|cat_id=HOBBIES|dept_id=HOBBIES_2,True,True
123,gradual,16,item_id=FOODS_3_764|item_id=HOUSEHOLD_1_011|item_id=HOUSEHOLD_2_339,item_id=FOODS_3_764|item_id=HOUSEHOLD_1_011|item_id=HOUSEHOLD_2_339,True,True
123,gradual,17,dept_id=FOODS_2|dept_id=FOODS_3|cat_id=FOODS,dept_id=FOODS_2|dept_id=FOODS_3|cat_id=FOODS,True,True
123,gradual,18,dept_id=FOODS_3|dept_id=FOODS_2|cat_id=FOODS,dept_id=FOODS_3|dept_id=FOODS_2|cat_id=FOODS,True,True
123,gradual,19,store_id=WI_2|dept_id=FOODS_3|state_id=WI,store_id=WI_2|dept_id=FOODS_3|state_id=WI,True,True
123,intermittent,0,item_id=FOODS_3_017|item_id=FOODS_3_764|item_id=HOUSEHOLD_1_011,item_id=FOODS_3_017|item_id=FOODS_3_764|item_id=HOUSEHOLD_1_011,True,True
123,intermittent,1,dept_id=HOBBIES_2|dept_id=FOODS_1|store_id=TX_1,dept_id=HOBBIES_2|dept_id=FOODS_1|store_id=TX_1,True,True
123,intermittent,2,dept_id=FOODS_2|dept_id=FOODS_3|cat_id=FOODS,dept_id=FOODS_2|dept_id=FOODS_3|cat_id=FOODS,True,True
123,intermittent,3,dept_id=FOODS_3|cat_id=FOODS|store_id=WI_2,dept_id=FOODS_3|cat_id=FOODS|store_id=WI_2,True,True
123,intermittent,4,dept_id=HOBBIES_2|dept_id=FOODS_1|store_id=CA_3,dept_id=HOBBIES_2|dept_id=FOODS_1|store_id=CA_3,True,True
123,intermittent,5,item_id=HOUSEHOLD_1_189|item_id=HOUSEHOLD_2_216|item_id=FOODS_3_646,item_id=HOUSEHOLD_1_189|item_id=HOUSEHOLD_2_216|item_id=FOODS_3_646,True,True
123,intermittent,6,dept_id=HOBBIES_2|dept_id=FOODS_1|store_id=TX_1,dept_id=HOBBIES_2|dept_id=FOODS_1|store_id=TX_1,True,True
123,intermittent,7,dept_id=HOBBIES_2|dept_id=FOODS_1|store_id=TX_1,dept_id=HOBBIES_2|dept_id=FOODS_1|store_id=TX_1,True,True
123,intermittent,8,dept_id=HOBBIES_2|dept_id=FOODS_1|store_id=TX_1,dept_id=HOBBIES_2|dept_id=FOODS_1|store_id=TX_1,True,True
123,intermittent,9,dept_id=FOODS_2|store_id=WI_2|store_id=TX_1,dept_id=FOODS_2|store_id=WI_2|dept_id=FOODS_3,False,True
123,intermittent,10,dept_id=FOODS_3|cat_id=FOODS|dept_id=HOBBIES_2,dept_id=FOODS_3|cat_id=FOODS|dept_id=HOBBIES_2,True,True
123,intermittent,11,dept_id=FOODS_2|dept_id=HOBBIES_2|dept_id=FOODS_1,dept_id=FOODS_2|dept_id=HOBBIES_2|dept_id=FOODS_1,True,True
123,intermittent,12,dept_id=HOBBIES_2|dept_id=FOODS_1|dept_id=FOODS_3,dept_id=HOBBIES_2|dept_id=FOODS_1|cat_id=HOBBIES,False,True
123,intermittent,13,dept_id=HOBBIES_2|dept_id=FOODS_1|store_id=WI_3,dept_id=HOBBIES_2|dept_id=FOODS_1|store_id=WI_3,True,True
123,intermittent,14,dept_id=FOODS_2|store_id=WI_2|cat_id=FOODS,dept_id=FOODS_2|store_id=WI_2|cat_id=FOODS,True,True
123,intermittent,15,dept_id=FOODS_3|cat_id=FOODS|store_id=WI_2,dept_id=FOODS_3|cat_id=FOODS|store_id=WI_2,True,True
123,intermittent,16,dept_id=HOBBIES_2|dept_id=FOODS_2|dept_id=FOODS_1,dept_id=HOBBIES_2|dept_id=FOODS_2|dept_id=FOODS_1,True,True
123,intermittent,17,dept_id=FOODS_3|cat_id=FOODS|store_id=WI_2,dept_id=FOODS_3|cat_id=FOODS|store_id=WI_2,True,True
123,intermittent,18,item_id=FOODS_3_764|item_id=HOUSEHOLD_1_011|item_id=HOBBIES_2_117,item_id=FOODS_3_764|item_id=HOUSEHOLD_1_011|item_id=HOBBIES_2_117,True,True
123,intermittent,19,dept_id=HOBBIES_2|dept_id=FOODS_1|store_id=WI_2,dept_id=HOBBIES_2|dept_id=FOODS_1|dept_id=FOODS_2,False,True
123,sudden,0,store_id=TX_2|store_id=TX_1|store_id=TX_3,store_id=TX_2|store_id=TX_1|state_id=TX,False,True
123,sudden,1,dept_id=HOBBIES_1|cat_id=HOBBIES|dept_id=HOBBIES_2,dept_id=HOBBIES_1|cat_id=HOBBIES|dept_id=HOBBIES_2,True,True
123,sudden,2,dept_id=HOUSEHOLD_2|dept_id=HOBBIES_2|cat_id=HOUSEHOLD,dept_id=HOUSEHOLD_2|dept_id=HOBBIES_2|cat_id=HOUSEHOLD,True,True
123,sudden,3,dept_id=FOODS_2|store_id=CA_2|store_id=WI_2,dept_id=FOODS_2|dept_id=HOUSEHOLD_2|store_id=CA_2,False,True
123,sudden,4,dept_id=HOBBIES_1|cat_id=HOBBIES|dept_id=HOBBIES_2,dept_id=HOBBIES_1|cat_id=HOBBIES|dept_id=HOBBIES_2,True,True
123,sudden,5,store_id=CA_2|store_id=CA_1|store_id=CA_3,store_id=CA_2|store_id=CA_1|store_id=CA_3,True,True
123,sudden,6,store_id=CA_1|dept_id=FOODS_2|dept_id=FOODS_3,store_id=CA_1|dept_id=FOODS_2|dept_id=FOODS_3,True,True
123,sudden,7,store_id=WI_1|dept_id=FOODS_3|cat_id=FOODS,store_id=WI_1|dept_id=FOODS_3|cat_id=FOODS,True,True
123,sudden,8,store_id=WI_1|store_id=WI_2|store_id=WI_3,store_id=WI_1|store_id=WI_2|store_id=WI_3,True,True
123,sudden,9,store_id=TX_2|store_id=TX_1|store_id=TX_3,store_id=TX_2|store_id=TX_1|store_id=TX_3,True,True
123,sudden,10,dept_id=FOODS_1|dept_id=HOBBIES_2|dept_id=FOODS_2,dept_id=FOODS_1|dept_id=HOBBIES_2|dept_id=FOODS_2,True,True
123,sudden,11,state_id=WI|store_id=WI_2|store_id=WI_1,state_id=WI|store_id=WI_2|store_id=WI_1,True,True
123,sudden,12,dept_id=FOODS_2|store_id=CA_4|store_id=WI_2,dept_id=FOODS_2|store_id=CA_4|store_id=WI_2,True,True
123,sudden,13,store_id=CA_4|dept_id=HOBBIES_2|dept_id=FOODS_1,store_id=CA_4|dept_id=HOBBIES_2|dept_id=FOODS_1,True,True
123,sudden,14,dept_id=HOUSEHOLD_1|cat_id=HOUSEHOLD|dept_id=HOUSEHOLD_2,dept_id=HOUSEHOLD_1|cat_id=HOUSEHOLD|dept_id=HOUSEHOLD_2,True,True
123,sudden,15,dept_id=HOBBIES_1|cat_id=HOBBIES|dept_id=HOBBIES_2,dept_id=HOBBIES_1|cat_id=HOBBIES|dept_id=HOBBIES_2,True,True
123,sudden,16,dept_id=FOODS_1|cat_id=FOODS|store_id=CA_3,dept_id=FOODS_1|store_id=CA_3|cat_id=FOODS,False,True
123,sudden,17,dept_id=HOBBIES_2|dept_id=FOODS_2|store_id=TX_1,dept_id=HOBBIES_2|dept_id=FOODS_2|store_id=TX_1,True,True
123,sudden,18,store_id=CA_2|dept_id=FOODS_3|cat_id=FOODS,store_id=CA_2|dept_id=FOODS_3|cat_id=FOODS,True,True
123,sudden,19,item_id=FOODS_3_764|item_id=FOODS_1_078|item_id=HOBBIES_2_077,item_id=FOODS_3_764|item_id=FOODS_1_078|item_id=HOBBIES_2_077,True,True
