n_detected,n_used_groq,groq_success_rate,det_strict_rate,det_strict_ci_lo,det_strict_ci_hi,det_hier_rate,det_hier_ci_lo,det_hier_ci_hi,det_strict_top3_rate,det_strict_top3_ci_lo,det_strict_top3_ci_hi,det_hier_top3_rate,det_hier_top3_ci_lo,det_hier_top3_ci_hi,groq_strict_rate,groq_strict_ci_lo,groq_strict_ci_hi,groq_hier_rate,groq_hier_ci_lo,groq_hier_ci_hi,groq_strict_top3_rate,groq_strict_top3_ci_lo,groq_strict_top3_ci_hi,groq_hier_top3_rate,groq_hier_top3_ci_lo,groq_hier_top3_ci_hi,seed,repeat,drift_type
20.0,20.0,1.0,0.2,0.08065766257979806,0.41601743225189364,0.4,0.21880653237281705,0.6134184992377469,0.4,0.21880653237281705,0.6134184992377469,0.65,0.43285427668523624,0.818808175898918,0.15,0.052368745896216595,0.36041886474075696,0.35,0.18119182410108206,0.5671457233147638,0.3,0.1454772448676043,0.5189728183535235,0.6,0.3865815007622531,0.781193467627183,42,0,gradual
20.0,20.0,1.0,0.1,0.027866481213768224,0.3010336452284873,0.2,0.08065766257979806,0.41601743225189364,0.25,0.11186170140766569,0.468700877618744,0.35,0.18119182410108206,0.5671457233147638,0.2,0.08065766257979806,0.41601743225189364,0.3,0.1454772448676043,0.5189728183535235,0.4,0.21880653237281705,0.6134184992377469,0.5,0.2992980081982123,0.7007019918017877,42,0,intermittent
20.0,20.0,1.0,0.3,0.1454772448676043,0.5189728183535235,0.8,0.5839825677481064,0.919342337420202,0.75,0.531299122381256,0.8881382985923343,0.8,0.5839825677481064,0.919342337420202,0.3,0.1454772448676043,0.5189728183535235,0.75,0.531299122381256,0.8881382985923343,0.75,0.531299122381256,0.8881382985923343,0.75,0.531299122381256,0.8881382985923343,42,0,sudden
20.0,20.0,1.0,0.2,0.08065766257979806,0.41601743225189364,0.4,0.21880653237281705,0.6134184992377469,0.4,0.21880653237281705,0.6134184992377469,0.65,0.43285427668523624,0.818808175898918,0.15,0.052368745896216595,0.36041886474075696,0.35,0.18119182410108206,0.5671457233147638,0.3,0.1454772448676043,0.5189728183535235,0.6,0.3865815007622531,0.781193467627183,42,1,gradual
20.0,20.0,1.0,0.1,0.027866481213768224,0.3010336452284873,0.2,0.08065766257979806,0.41601743225189364,0.25,0.11186170140766569,0.468700877618744,0.35,0.18119182410108206,0.5671457233147638,0.2,0.08065766257979806,0.41601743225189364,0.3,0.1454772448676043,0.5189728183535235,0.35,0.18119182410108206,0.5671457233147638,0.45,0.2581978582556243,0.6579146575496577,42,1,intermittent
20.0,20.0,1.0,0.3,0.1454772448676043,0.5189728183535235,0.8,0.5839825677481064,0.919342337420202,0.75,0.531299122381256,0.8881382985923343,0.8,0.5839825677481064,0.919342337420202,0.3,0.1454772448676043,0.5189728183535235,0.75,0.531299122381256,0.8881382985923343,0.75,0.531299122381256,0.8881382985923343,0.75,0.531299122381256,0.8881382985923343,42,1,sudden
20.0,20.0,1.0,0.15,0.052368745896216595,0.36041886474075696,0.5,0.2992980081982123,0.7007019918017877,0.5,0.2992980081982123,0.7007019918017877,0.6,0.3865815007622531,0.781193467627183,0.1,0.027866481213768224,0.3010336452284873,0.45,0.2581978582556243,0.6579146575496577,0.45,0.2581978582556243,0.6579146575496577,0.55,0.34208534245034233,0.7418021417443759,123,0,gradual
1.0,1.0,1.0,1.0,0.20654931437723745,1.0,1.0,0.20654931437723745,1.0,1.0,0.20654931437723745,1.0,1.0,0.20654931437723745,1.0,1.0,0.20654931437723745,1.0,1.0,0.20654931437723745,1.0,1.0,0.20654931437723745,1.0,1.0,0.20654931437723745,1.0,123,0,intermittent
20.0,20.0,1.0,0.35,0.18119182410108206,0.5671457233147638,0.8,0.5839825677481064,0.919342337420202,0.8,0.5839825677481064,0.919342337420202,0.8,0.5839825677481064,0.919342337420202,0.35,0.18119182410108206,0.5671457233147638,0.8,0.5839825677481064,0.919342337420202,0.8,0.5839825677481064,0.919342337420202,0.8,0.5839825677481064,0.919342337420202,123,0,sudden
20.0,20.0,1.0,0.15,0.052368745896216595,0.36041886474075696,0.5,0.2992980081982123,0.7007019918017877,0.5,0.2992980081982123,0.7007019918017877,0.6,0.3865815007622531,0.781193467627183,0.1,0.027866481213768224,0.3010336452284873,0.45,0.2581978582556243,0.6579146575496577,0.45,0.2581978582556243,0.6579146575496577,0.55,0.34208534245034233,0.7418021417443759,123,1,gradual
1.0,1.0,1.0,1.0,0.20654931437723745,1.0,1.0,0.20654931437723745,1.0,1.0,0.20654931437723745,1.0,1.0,0.20654931437723745,1.0,1.0,0.20654931437723745,1.0,1.0,0.20654931437723745,1.0,1.0,0.20654931437723745,1.0,1.0,0.20654931437723745,1.0,123,1,intermittent
20.0,20.0,1.0,0.35,0.18119182410108206,0.5671457233147638,0.8,0.5839825677481064,0.919342337420202,0.8,0.5839825677481064,0.919342337420202,0.8,0.5839825677481064,0.919342337420202,0.35,0.18119182410108206,0.5671457233147638,0.8,0.5839825677481064,0.919342337420202,0.8,0.5839825677481064,0.919342337420202,0.8,0.5839825677481064,0.919342337420202,123,1,sudden
