label,issue,evidence,handling,note
agent_named_rep0,Fractional sales values,unit_sales has fractional values in 8.26% of rows (has_fractional tool).,Use quantile binning; optionally round to nearest integer if business logic requires integer sales.,matches no scored or baseline category
agent_named_rep1,Fractional sales values,unit_sales has fractional values in 8.26% of rows (has_fractional tool).,Use quantile binning; optionally round to nearest integer if business logic requires integer sales.,matches no scored or baseline category
agent_named_rep2,Fractional sales values,unit_sales has fractional values in 8.26% of rows (has_fractional tool).,Use quantile binning; optionally round to nearest integer if business logic requires integer sales.,matches no scored or baseline category
agent_named_rep3,Fractional sales values,unit_sales has fractional values in 8.26% of rows (has_fractional tool).,Use quantile binning; optionally round to nearest integer if business logic requires integer sales.,matches no scored or baseline category
agent_named_rep4,Fractional sales values,unit_sales has fractional values in 8.26% of rows (has_fractional tool).,Use quantile binning; optionally round to nearest integer if business logic requires integer sales.,matches no scored or baseline category
agent_obscured_rep0,Fractional values in unit_sales,has_fractional(unit_sales) → true (8.26 % fractional).,Use quantile binning (already selected) or round if integer bins are required.,matches no scored or baseline category
agent_obscured_rep0,date in transactions.csv does not uniquely identify store_nbr,is_functionally_determined(date → store_nbr) = false (multiple stores per date).,Do not use transactions.csv for hierarchy; it is a calendar table and must be joined on date only.,matches no scored or baseline category
agent_obscured_rep1,Fractional values in unit_sales,has_fractional(unit_sales) → true (8.26 % fractional).,Use quantile binning (already selected) or round if integer bins are required.,matches no scored or baseline category
agent_obscured_rep1,date in transactions.csv does not uniquely identify store_nbr,is_functionally_determined(date → store_nbr) = false (multiple stores per date).,Do not use transactions.csv for hierarchy; it is a calendar table and must be joined on date only.,matches no scored or baseline category
agent_obscured_rep2,Fractional values in unit_sales,has_fractional(unit_sales) → true (8.26 % fractional).,Use quantile binning (already selected) or round if integer bins are required.,matches no scored or baseline category
agent_obscured_rep2,date in transactions.csv does not uniquely identify store_nbr,is_functionally_determined(date → store_nbr) = false (multiple stores per date).,Do not use transactions.csv for hierarchy; it is a calendar table and must be joined on date only.,matches no scored or baseline category
agent_obscured_rep3,Fractional values in unit_sales,has_fractional(unit_sales) → true (8.26 % fractional).,Use quantile binning (already selected) or round if integer bins are required.,matches no scored or baseline category
agent_obscured_rep3,date in transactions.csv does not uniquely identify store_nbr,is_functionally_determined(date → store_nbr) = false (multiple stores per date).,Do not use transactions.csv for hierarchy; it is a calendar table and must be joined on date only.,matches no scored or baseline category
agent_obscured_rep4,Fractional values in unit_sales,has_fractional(unit_sales) → true (8.26 % fractional).,Use quantile binning (already selected) or round if integer bins are required.,matches no scored or baseline category
agent_obscured_rep4,date in transactions.csv does not uniquely identify store_nbr,is_functionally_determined(date → store_nbr) = false (multiple stores per date).,Do not use transactions.csv for hierarchy; it is a calendar table and must be joined on date only.,matches no scored or baseline category
