label,group,metric,k,n,rate,ci_lo,ci_hi
hand_written,gradual,strict_top1,1,20,0.05,0.008881448800795402,0.23613119344674205
hand_written,gradual,hier_top1,4,20,0.2,0.08065766257979806,0.41601743225189364
hand_written,gradual,strict_top3,5,20,0.25,0.11186170140766569,0.468700877618744
hand_written,intermittent,strict_top1,0,20,0.0,0.0,0.16112515805281938
hand_written,intermittent,hier_top1,1,20,0.05,0.008881448800795402,0.23613119344674205
hand_written,intermittent,strict_top3,0,20,0.0,0.0,0.16112515805281938
hand_written,sudden,strict_top1,1,20,0.05,0.008881448800795402,0.23613119344674205
hand_written,sudden,hier_top1,4,20,0.2,0.08065766257979806,0.41601743225189364
hand_written,sudden,strict_top3,5,20,0.25,0.11186170140766569,0.468700877618744
hand_written,ALL,strict_top1,2,60,0.03333333333333333,0.009189319256197877,0.113637742743086
hand_written,ALL,hier_top1,9,60,0.15,0.08097440580167739,0.2611458906977855
hand_written,ALL,strict_top3,10,60,0.16666666666666666,0.0931317697919145,0.2803161316361453
baseline_named,gradual,strict_top1,0,20,0.0,0.0,0.16112515805281938
baseline_named,gradual,hier_top1,0,20,0.0,0.0,0.16112515805281938
baseline_named,gradual,strict_top3,0,20,0.0,0.0,0.16112515805281938
baseline_named,intermittent,strict_top1,0,20,0.0,0.0,0.16112515805281938
baseline_named,intermittent,hier_top1,3,20,0.15,0.052368745896216595,0.36041886474075696
baseline_named,intermittent,strict_top3,0,20,0.0,0.0,0.16112515805281938
baseline_named,sudden,strict_top1,0,20,0.0,0.0,0.16112515805281938
baseline_named,sudden,hier_top1,0,20,0.0,0.0,0.16112515805281938
baseline_named,sudden,strict_top3,0,20,0.0,0.0,0.16112515805281938
baseline_named,ALL,strict_top1,0,60,0.0,0.0,0.06017185214208986
baseline_named,ALL,hier_top1,3,60,0.05,0.01714950216439568,0.1370051647634852
baseline_named,ALL,strict_top3,0,60,0.0,0.0,0.06017185214208986
agent_named_rep0,gradual,strict_top1,0,20,0.0,0.0,0.16112515805281938
agent_named_rep0,gradual,hier_top1,0,20,0.0,0.0,0.16112515805281938
agent_named_rep0,gradual,strict_top3,0,20,0.0,0.0,0.16112515805281938
agent_named_rep0,intermittent,strict_top1,0,20,0.0,0.0,0.16112515805281938
agent_named_rep0,intermittent,hier_top1,3,20,0.15,0.052368745896216595,0.36041886474075696
agent_named_rep0,intermittent,strict_top3,0,20,0.0,0.0,0.16112515805281938
agent_named_rep0,sudden,strict_top1,0,20,0.0,0.0,0.16112515805281938
agent_named_rep0,sudden,hier_top1,0,20,0.0,0.0,0.16112515805281938
agent_named_rep0,sudden,strict_top3,0,20,0.0,0.0,0.16112515805281938
agent_named_rep0,ALL,strict_top1,0,60,0.0,0.0,0.06017185214208986
agent_named_rep0,ALL,hier_top1,3,60,0.05,0.01714950216439568,0.1370051647634852
agent_named_rep0,ALL,strict_top3,0,60,0.0,0.0,0.06017185214208986
agent_named_rep4,gradual,strict_top1,0,20,0.0,0.0,0.16112515805281938
agent_named_rep4,gradual,hier_top1,0,20,0.0,0.0,0.16112515805281938
agent_named_rep4,gradual,strict_top3,0,20,0.0,0.0,0.16112515805281938
agent_named_rep4,intermittent,strict_top1,0,20,0.0,0.0,0.16112515805281938
agent_named_rep4,intermittent,hier_top1,3,20,0.15,0.052368745896216595,0.36041886474075696
agent_named_rep4,intermittent,strict_top3,0,20,0.0,0.0,0.16112515805281938
agent_named_rep4,sudden,strict_top1,0,20,0.0,0.0,0.16112515805281938
agent_named_rep4,sudden,hier_top1,0,20,0.0,0.0,0.16112515805281938
agent_named_rep4,sudden,strict_top3,0,20,0.0,0.0,0.16112515805281938
agent_named_rep4,ALL,strict_top1,0,60,0.0,0.0,0.06017185214208986
agent_named_rep4,ALL,hier_top1,3,60,0.05,0.01714950216439568,0.1370051647634852
agent_named_rep4,ALL,strict_top3,0,60,0.0,0.0,0.06017185214208986
agent_obscured_rep0,gradual,strict_top1,3,20,0.15,0.052368745896216595,0.36041886474075696
agent_obscured_rep0,gradual,hier_top1,7,20,0.35,0.18119182410108206,0.5671457233147638
agent_obscured_rep0,gradual,strict_top3,6,20,0.3,0.1454772448676043,0.5189728183535235
agent_obscured_rep0,intermittent,strict_top1,0,20,0.0,0.0,0.16112515805281938
agent_obscured_rep0,intermittent,hier_top1,0,20,0.0,0.0,0.16112515805281938
agent_obscured_rep0,intermittent,strict_top3,7,20,0.35,0.18119182410108206,0.5671457233147638
agent_obscured_rep0,sudden,strict_top1,2,20,0.1,0.027866481213768224,0.3010336452284873
agent_obscured_rep0,sudden,hier_top1,3,20,0.15,0.052368745896216595,0.36041886474075696
agent_obscured_rep0,sudden,strict_top3,5,20,0.25,0.11186170140766569,0.468700877618744
agent_obscured_rep0,ALL,strict_top1,5,60,0.08333333333333333,0.03612045660173077,0.1806894201833441
agent_obscured_rep0,ALL,hier_top1,10,60,0.16666666666666666,0.0931317697919145,0.2803161316361453
agent_obscured_rep0,ALL,strict_top3,18,60,0.3,0.19898166138769108,0.42508707946914487
agent_obscured_rep4,gradual,strict_top1,3,20,0.15,0.052368745896216595,0.36041886474075696
agent_obscured_rep4,gradual,hier_top1,7,20,0.35,0.18119182410108206,0.5671457233147638
agent_obscured_rep4,gradual,strict_top3,6,20,0.3,0.1454772448676043,0.5189728183535235
agent_obscured_rep4,intermittent,strict_top1,0,20,0.0,0.0,0.16112515805281938
agent_obscured_rep4,intermittent,hier_top1,0,20,0.0,0.0,0.16112515805281938
agent_obscured_rep4,intermittent,strict_top3,7,20,0.35,0.18119182410108206,0.5671457233147638
agent_obscured_rep4,sudden,strict_top1,2,20,0.1,0.027866481213768224,0.3010336452284873
agent_obscured_rep4,sudden,hier_top1,3,20,0.15,0.052368745896216595,0.36041886474075696
agent_obscured_rep4,sudden,strict_top3,5,20,0.25,0.11186170140766569,0.468700877618744
agent_obscured_rep4,ALL,strict_top1,5,60,0.08333333333333333,0.03612045660173077,0.1806894201833441
agent_obscured_rep4,ALL,hier_top1,10,60,0.16666666666666666,0.0931317697919145,0.2803161316361453
agent_obscured_rep4,ALL,strict_top3,18,60,0.3,0.19898166138769108,0.42508707946914487
