label,seed,drift_type,trial,true_slice,detected,ranking,strict_top1,hier_top1,strict_top3,hier_top3,true_rank
hand_written,42,sudden,0,store_id=17,True,store_id=52|dept_id=PREPARED FOODS|state_id=Manabi,False,False,False,False,4
hand_written,42,sudden,1,state_id=Chimborazo,True,store_id=52|dept_id=PREPARED FOODS|state_id=Manabi,False,False,False,False,4
hand_written,42,sudden,2,state_id=Manabi,True,store_id=52|state_id=Manabi|dept_id=BOOKS,False,True,True,True,2
hand_written,42,sudden,3,cat_id=PERISHABLE,True,dept_id=FROZEN FOODS|dept_id=SEAFOOD|dept_id=BOOKS,False,False,False,True,
hand_written,42,sudden,4,dept_id=AUTOMOTIVE,True,dept_id=PREPARED FOODS|dept_id=SCHOOL AND OFFICE SUPPLIES|dept_id=AUTOMOTIVE,False,False,True,True,3
hand_written,42,sudden,5,cat_id=PERISHABLE,True,dept_id=DELI|dept_id=EGGS|dept_id=HOME APPLIANCES,False,True,False,True,
hand_written,42,sudden,6,store_id=54,True,store_id=52|dept_id=PREPARED FOODS|dept_id=BOOKS,False,False,False,False,4
hand_written,42,sudden,7,item_id=509877,True,dept_id=SCHOOL AND OFFICE SUPPLIES|dept_id=BOOKS|dept_id=DAIRY,False,False,False,False,
hand_written,42,sudden,8,item_id=1366212,True,dept_id=HOME APPLIANCES|dept_id=SCHOOL AND OFFICE SUPPLIES|dept_id=BOOKS,False,False,False,False,
hand_written,42,sudden,9,state_id=Los Rios,True,dept_id=SCHOOL AND OFFICE SUPPLIES|store_id=33|state_id=Los Rios,False,False,True,True,3
hand_written,42,sudden,10,state_id=Bolivar,True,state_id=Bolivar|store_id=19|dept_id=HOME APPLIANCES,True,True,True,True,1
hand_written,42,sudden,11,cat_id=NON_PERISHABLE,True,store_id=52|dept_id=PREPARED FOODS|dept_id=SCHOOL AND OFFICE SUPPLIES,False,False,False,True,
hand_written,42,sudden,12,item_id=804098,True,dept_id=SCHOOL AND OFFICE SUPPLIES|dept_id=BOOKS|dept_id=DAIRY,False,False,False,False,
hand_written,42,sudden,13,item_id=2010972,True,dept_id=SCHOOL AND OFFICE SUPPLIES|dept_id=BOOKS|dept_id=HOME APPLIANCES,False,False,False,False,
hand_written,42,sudden,14,item_id=1348487,True,dept_id=PREPARED FOODS|dept_id=SCHOOL AND OFFICE SUPPLIES|dept_id=BOOKS,False,False,False,False,
hand_written,42,sudden,15,dept_id=MAGAZINES,True,store_id=52|dept_id=PREPARED FOODS|dept_id=SCHOOL AND OFFICE SUPPLIES,False,False,False,False,
hand_written,42,sudden,16,dept_id=AUTOMOTIVE,True,dept_id=HOME APPLIANCES|dept_id=PRODUCE|dept_id=SCHOOL AND OFFICE SUPPLIES,False,False,False,False,5
hand_written,42,sudden,17,state_id=El Oro,True,store_id=40|dept_id=BOOKS|state_id=El Oro,False,True,True,True,3
hand_written,42,sudden,18,cat_id=PERISHABLE,True,dept_id=FROZEN FOODS|dept_id=BREAD/BAKERY|dept_id=CLEANING,False,False,False,True,
hand_written,42,sudden,19,store_id=30,True,dept_id=SCHOOL AND OFFICE SUPPLIES|dept_id=BOOKS|dept_id=PERSONAL CARE,False,False,False,False,
hand_written,42,gradual,0,state_id=Guayas,True,dept_id=SCHOOL AND OFFICE SUPPLIES|store_id=29|store_id=24,False,False,False,True,
hand_written,42,gradual,1,item_id=511394,True,dept_id=FROZEN FOODS|dept_id=BOOKS|dept_id=CLEANING,False,False,False,False,
hand_written,42,gradual,2,cat_id=PERISHABLE,True,dept_id=DAIRY|dept_id=SCHOOL AND OFFICE SUPPLIES|dept_id=BOOKS,False,True,False,True,
hand_written,42,gradual,3,state_id=Esmeraldas,True,store_id=52|dept_id=BOOKS|dept_id=DAIRY,False,False,False,False,
hand_written,42,gradual,4,store_id=32,True,store_id=52|dept_id=BOOKS|dept_id=DAIRY,False,False,False,False,
hand_written,42,gradual,5,state_id=Chimborazo,True,dept_id=HOME APPLIANCES|dept_id=SCHOOL AND OFFICE SUPPLIES|dept_id=BREAD/BAKERY,False,False,False,False,
hand_written,42,gradual,6,item_id=1913055,True,dept_id=FROZEN FOODS|dept_id=BOOKS|dept_id=CLEANING,False,False,False,False,
hand_written,42,gradual,7,dept_id=HOME APPLIANCES,True,store_id=52|dept_id=BOOKS|dept_id=DAIRY,False,False,False,False,
hand_written,42,gradual,8,dept_id=LADIESWEAR,True,dept_id=LADIESWEAR|dept_id=BOOKS|dept_id=SCHOOL AND OFFICE SUPPLIES,True,True,True,True,1
hand_written,42,gradual,9,dept_id=CLEANING,True,dept_id=SCHOOL AND OFFICE SUPPLIES|dept_id=CLEANING|dept_id=BOOKS,False,False,True,True,2
hand_written,42,gradual,10,state_id=Bolivar,True,dept_id=SCHOOL AND OFFICE SUPPLIES|state_id=Bolivar|store_id=19,False,False,True,True,2
hand_written,42,gradual,11,state_id=Cotopaxi,True,store_id=13|state_id=Cotopaxi|store_id=12,False,True,True,True,2
hand_written,42,gradual,12,state_id=Pastaza,True,dept_id=SCHOOL AND OFFICE SUPPLIES|dept_id=BOOKS|state_id=Pastaza,False,False,True,True,3
hand_written,42,gradual,13,cat_id=NON_PERISHABLE,True,dept_id=CELEBRATION|dept_id=HOME APPLIANCES|dept_id=PERSONAL CARE,False,True,False,True,
hand_written,42,gradual,14,item_id=1366212,True,store_id=52|dept_id=PREPARED FOODS|dept_id=SCHOOL AND OFFICE SUPPLIES,False,False,False,False,
hand_written,42,gradual,15,item_id=1913055,True,store_id=52|dept_id=PREPARED FOODS|state_id=Manabi,False,False,False,False,
hand_written,42,gradual,16,item_id=1974848,True,dept_id=SCHOOL AND OFFICE SUPPLIES|dept_id=BOOKS|dept_id=PREPARED FOODS,False,False,False,False,
hand_written,42,gradual,17,dept_id=HARDWARE,True,dept_id=HOME APPLIANCES|dept_id=SCHOOL AND OFFICE SUPPLIES|dept_id=BREAD/BAKERY,False,False,False,False,
hand_written,42,gradual,18,store_id=47,True,dept_id=HOME APPLIANCES|dept_id=SCHOOL AND OFFICE SUPPLIES|dept_id=BREAD/BAKERY,False,False,False,False,
hand_written,42,gradual,19,store_id=24,True,dept_id=HOME APPLIANCES|dept_id=BOOKS|dept_id=PRODUCE,False,False,False,False,5
hand_written,42,intermittent,0,item_id=850388,True,dept_id=FROZEN FOODS|dept_id=HOME APPLIANCES|dept_id=BOOKS,False,True,False,True,
hand_written,42,intermittent,1,item_id=315463,True,dept_id=HOME APPLIANCES|dept_id=PRODUCE|dept_id=BOOKS,False,False,False,False,
hand_written,42,intermittent,2,item_id=1386120,True,dept_id=BOOKS|dept_id=FROZEN FOODS|dept_id=HOME APPLIANCES,False,False,False,False,
hand_written,42,intermittent,3,item_id=2004738,True,store_id=52|dept_id=PREPARED FOODS|dept_id=BOOKS,False,False,False,False,
hand_written,42,intermittent,4,item_id=583973,True,dept_id=FROZEN FOODS|dept_id=HOME APPLIANCES|dept_id=BOOKS,False,False,False,False,
hand_written,42,intermittent,5,item_id=2045280,True,dept_id=FROZEN FOODS|dept_id=BOOKS|dept_id=CLEANING,False,False,False,False,
hand_written,42,intermittent,6,item_id=818590,True,dept_id=BOOKS|dept_id=SCHOOL AND OFFICE SUPPLIES|store_id=52,False,False,False,False,
hand_written,42,intermittent,7,item_id=2002043,True,dept_id=HOME APPLIANCES|dept_id=BOOKS|dept_id=PRODUCE,False,False,False,False,
hand_written,42,intermittent,8,item_id=2054291,True,dept_id=FROZEN FOODS|dept_id=BOOKS|dept_id=HOME APPLIANCES,False,False,False,False,
hand_written,42,intermittent,9,item_id=1584295,True,dept_id=SCHOOL AND OFFICE SUPPLIES|dept_id=BOOKS|dept_id=DAIRY,False,False,False,False,
hand_written,42,intermittent,10,item_id=1386120,True,dept_id=PREPARED FOODS|dept_id=SCHOOL AND OFFICE SUPPLIES|dept_id=BOOKS,False,False,False,False,
hand_written,42,intermittent,11,item_id=741201,True,dept_id=FROZEN FOODS|dept_id=HOME APPLIANCES|dept_id=BOOKS,False,False,False,False,
hand_written,42,intermittent,12,item_id=813769,True,store_id=52|dept_id=BOOKS|dept_id=SCHOOL AND OFFICE SUPPLIES,False,False,False,False,
hand_written,42,intermittent,13,item_id=1167188,True,dept_id=PREPARED FOODS|dept_id=SCHOOL AND OFFICE SUPPLIES|dept_id=BOOKS,False,False,False,False,
hand_written,42,intermittent,14,item_id=1695956,True,dept_id=FROZEN FOODS|dept_id=CLEANING|dept_id=BOOKS,False,False,False,False,
hand_written,42,intermittent,15,item_id=2086882,True,store_id=52|dept_id=PREPARED FOODS|state_id=Manabi,False,False,False,False,
hand_written,42,intermittent,16,item_id=1717269,True,dept_id=BOOKS|dept_id=SCHOOL AND OFFICE SUPPLIES|dept_id=DAIRY,False,False,False,True,
hand_written,42,intermittent,17,item_id=1584307,True,dept_id=BOOKS|dept_id=HOME APPLIANCES|dept_id=BREAD/BAKERY,False,False,False,False,
hand_written,42,intermittent,18,item_id=857332,True,dept_id=FROZEN FOODS|dept_id=CLEANING|dept_id=HOME APPLIANCES,False,False,False,False,
hand_written,42,intermittent,19,item_id=1247036,True,dept_id=BOOKS|dept_id=SEAFOOD|dept_id=HOME APPLIANCES,False,False,False,True,
baseline_named,42,sudden,0,store_id=17,True,store_id=52|dept_id=2986|cat_id=PREPARED FOODS,False,False,False,False,
baseline_named,42,sudden,1,state_id=Latacunga,True,dept_id=2986|store_id=52|cat_id=PREPARED FOODS,False,False,False,False,
baseline_named,42,sudden,2,state_id=El Carmen,True,dept_id=2166|dept_id=2986|dept_id=4214,False,False,False,False,
baseline_named,42,sudden,3,cat_id=SCHOOL AND OFFICE SUPPLIES,True,dept_id=3020|dept_id=2226|dept_id=2906,False,False,False,False,
baseline_named,42,sudden,4,dept_id=6810,True,dept_id=3020|dept_id=1114|dept_id=2008,False,False,False,False,
baseline_named,42,sudden,5,cat_id=HOME APPLIANCES,True,dept_id=6517|dept_id=2008|dept_id=2028,False,False,False,False,5
baseline_named,42,sudden,6,store_id=54,True,dept_id=2166|dept_id=2986|store_id=52,False,False,False,False,
baseline_named,42,sudden,7,item_id=509877,True,dept_id=2166|dept_id=6517|dept_id=4228,False,False,False,False,
baseline_named,42,sudden,8,item_id=1366212,True,dept_id=2008|dept_id=6517|dept_id=2028,False,False,False,False,
baseline_named,42,sudden,9,state_id=Playas,True,dept_id=2166|dept_id=6517|dept_id=4228,False,False,False,False,
baseline_named,42,sudden,10,state_id=Puyo,True,dept_id=2166|dept_id=2008|dept_id=2178,False,False,False,False,
baseline_named,42,sudden,11,cat_id=CLEANING,True,dept_id=2986|dept_id=1114|store_id=52,False,False,False,False,
baseline_named,42,sudden,12,item_id=804098,True,dept_id=2166|dept_id=6517|dept_id=4228,False,False,False,False,
baseline_named,42,sudden,13,item_id=2010972,True,dept_id=2166|dept_id=2178|dept_id=2008,False,False,False,False,
baseline_named,42,sudden,14,item_id=1348487,True,dept_id=3020|dept_id=1114|dept_id=2008,False,False,False,False,
baseline_named,42,sudden,15,dept_id=5222,True,dept_id=2986|store_id=52|dept_id=1114,False,False,False,False,
baseline_named,42,sudden,16,dept_id=4138,True,dept_id=2166|dept_id=2008|dept_id=2178,False,False,False,False,
baseline_named,42,sudden,17,state_id=Machala,True,dept_id=2008|dept_id=2012|dept_id=6960,False,False,False,False,
baseline_named,42,sudden,18,cat_id=PET SUPPLIES,True,dept_id=3020|dept_id=2226|dept_id=2028,False,False,False,False,
baseline_named,42,sudden,19,store_id=30,True,dept_id=1114|dept_id=2008|dept_id=3020,False,False,False,False,
baseline_named,42,gradual,0,state_id=Daule,True,dept_id=2166|dept_id=6517|dept_id=4228,False,False,False,False,
baseline_named,42,gradual,1,item_id=511394,True,dept_id=3020|dept_id=2226|dept_id=6960,False,False,False,False,
baseline_named,42,gradual,2,cat_id=BABY CARE,True,dept_id=2166|dept_id=4228|dept_id=4214,False,False,False,False,
baseline_named,42,gradual,3,state_id=Manta,True,dept_id=2166|dept_id=2986|dept_id=4214,False,False,False,False,
baseline_named,42,gradual,4,store_id=32,True,dept_id=2166|dept_id=2986|dept_id=4214,False,False,False,False,
baseline_named,42,gradual,5,state_id=Latacunga,True,dept_id=2718|dept_id=2028|dept_id=2008,False,False,False,False,
baseline_named,42,gradual,6,item_id=1913055,True,dept_id=3020|dept_id=2226|dept_id=2906,False,False,False,False,
baseline_named,42,gradual,7,dept_id=2752,True,dept_id=2166|dept_id=2986|dept_id=4214,False,False,False,False,
baseline_named,42,gradual,8,dept_id=2966,True,dept_id=2008|dept_id=2012|dept_id=1114,False,False,False,False,
baseline_named,42,gradual,9,dept_id=4250,True,dept_id=2166|dept_id=6517|dept_id=4228,False,False,False,False,
baseline_named,42,gradual,10,state_id=Ambato,True,dept_id=2166|dept_id=2008|dept_id=2178,False,False,False,False,
baseline_named,42,gradual,11,state_id=Latacunga,True,dept_id=2166|dept_id=2008|dept_id=2178,False,False,False,False,
baseline_named,42,gradual,12,state_id=Ambato,True,dept_id=2166|dept_id=6517|dept_id=4228,False,False,False,False,
baseline_named,42,gradual,13,cat_id=MEATS,True,dept_id=2166|dept_id=6517|dept_id=4228,False,False,False,False,
baseline_named,42,gradual,14,item_id=1366212,True,dept_id=2986|store_id=52|dept_id=1114,False,False,False,False,
baseline_named,42,gradual,15,item_id=1913055,True,store_id=52|dept_id=2986|dept_id=2166,False,False,False,False,
baseline_named,42,gradual,16,item_id=1974848,True,dept_id=1114|dept_id=3020|dept_id=2008,False,False,False,False,
baseline_named,42,gradual,17,dept_id=2986,True,dept_id=2718|dept_id=2008|dept_id=6517,False,False,False,False,
baseline_named,42,gradual,18,store_id=47,True,dept_id=6517|dept_id=2718|dept_id=2008,False,False,False,False,
baseline_named,42,gradual,19,store_id=24,True,dept_id=2008|dept_id=2166|dept_id=6517,False,False,False,False,
baseline_named,42,intermittent,0,item_id=850388,True,dept_id=2226|dept_id=3020|dept_id=2028,False,True,False,True,
baseline_named,42,intermittent,1,item_id=315463,True,dept_id=2008|dept_id=6517|dept_id=2166,False,False,False,False,
baseline_named,42,intermittent,2,item_id=1386120,True,dept_id=3020|dept_id=6246|dept_id=2906,False,False,False,True,
baseline_named,42,intermittent,3,item_id=2004738,True,dept_id=2166|dept_id=2986|dept_id=4214,False,False,False,False,
baseline_named,42,intermittent,4,item_id=583973,True,dept_id=3020|dept_id=2226|dept_id=2028,False,False,False,False,
baseline_named,42,intermittent,5,item_id=2045280,True,dept_id=3020|dept_id=2226|dept_id=6960,False,False,False,False,
baseline_named,42,intermittent,6,item_id=818590,True,dept_id=2166|dept_id=4228|dept_id=4214,False,False,False,False,
baseline_named,42,intermittent,7,item_id=2002043,True,dept_id=2008|dept_id=2166|dept_id=6517,False,False,False,False,
baseline_named,42,intermittent,8,item_id=2054291,True,dept_id=3020|dept_id=1114|dept_id=2226,False,False,False,True,
baseline_named,42,intermittent,9,item_id=1584295,True,dept_id=2166|dept_id=2850|dept_id=4228,False,False,False,False,
baseline_named,42,intermittent,10,item_id=1386120,True,dept_id=3020|dept_id=1114|dept_id=2986,False,False,False,False,
baseline_named,42,intermittent,11,item_id=741201,True,dept_id=3020|dept_id=2226|dept_id=2028,False,False,False,False,
baseline_named,42,intermittent,12,item_id=813769,True,dept_id=2166|dept_id=4214|dept_id=4228,False,False,False,False,
baseline_named,42,intermittent,13,item_id=1167188,True,dept_id=3020|dept_id=1114|dept_id=2008,False,False,False,False,
baseline_named,42,intermittent,14,item_id=1695956,True,dept_id=3020|dept_id=2226|dept_id=6960,False,False,False,False,
baseline_named,42,intermittent,15,item_id=2086882,True,dept_id=2166|dept_id=2986|store_id=52,False,True,False,True,
baseline_named,42,intermittent,16,item_id=1717269,True,dept_id=2166|dept_id=6517|dept_id=4228,False,False,False,False,
baseline_named,42,intermittent,17,item_id=1584307,True,dept_id=2718|dept_id=6960|dept_id=2008,False,False,False,False,
baseline_named,42,intermittent,18,item_id=857332,True,dept_id=3020|dept_id=2226|dept_id=2028,False,False,False,False,
baseline_named,42,intermittent,19,item_id=1247036,True,dept_id=2864|dept_id=3020|dept_id=2718,False,True,False,True,
agent_named_rep0,42,sudden,0,store_id=17,True,store_id=52|dept_id=2986|cat_id=PREPARED FOODS,False,False,False,False,
agent_named_rep0,42,sudden,1,state_id=Chimborazo,True,dept_id=2986|store_id=52|cat_id=PREPARED FOODS,False,False,False,False,
agent_named_rep0,42,sudden,2,state_id=Manabi,True,dept_id=2166|dept_id=2986|dept_id=4214,False,False,False,False,
agent_named_rep0,42,sudden,3,cat_id=SCHOOL AND OFFICE SUPPLIES,True,dept_id=3020|dept_id=2226|dept_id=2906,False,False,False,False,
agent_named_rep0,42,sudden,4,dept_id=6810,True,dept_id=3020|dept_id=1114|dept_id=2008,False,False,False,False,
agent_named_rep0,42,sudden,5,cat_id=HOME APPLIANCES,True,dept_id=6517|dept_id=2008|dept_id=2028,False,False,False,False,5
agent_named_rep0,42,sudden,6,store_id=54,True,dept_id=2166|dept_id=2986|store_id=52,False,False,False,False,
agent_named_rep0,42,sudden,7,item_id=509877,True,dept_id=2166|dept_id=6517|dept_id=4228,False,False,False,False,
agent_named_rep0,42,sudden,8,item_id=1366212,True,dept_id=2008|dept_id=6517|dept_id=2028,False,False,False,False,
agent_named_rep0,42,sudden,9,state_id=Los Rios,True,dept_id=2166|dept_id=6517|dept_id=4228,False,False,False,False,
agent_named_rep0,42,sudden,10,state_id=Bolivar,True,dept_id=2166|dept_id=2008|dept_id=2178,False,False,False,False,
agent_named_rep0,42,sudden,11,cat_id=CLEANING,True,dept_id=2986|dept_id=1114|store_id=52,False,False,False,False,
agent_named_rep0,42,sudden,12,item_id=804098,True,dept_id=2166|dept_id=6517|dept_id=4228,False,False,False,False,
agent_named_rep0,42,sudden,13,item_id=2010972,True,dept_id=2166|dept_id=2178|dept_id=2008,False,False,False,False,
agent_named_rep0,42,sudden,14,item_id=1348487,True,dept_id=3020|dept_id=1114|dept_id=2008,False,False,False,False,
agent_named_rep0,42,sudden,15,dept_id=5222,True,dept_id=2986|store_id=52|dept_id=1114,False,False,False,False,
agent_named_rep0,42,sudden,16,dept_id=4138,True,dept_id=2166|dept_id=2008|dept_id=2178,False,False,False,False,
agent_named_rep0,42,sudden,17,state_id=El Oro,True,dept_id=2008|dept_id=2012|dept_id=6960,False,False,False,False,
agent_named_rep0,42,sudden,18,cat_id=PET SUPPLIES,True,dept_id=3020|dept_id=2226|dept_id=2028,False,False,False,False,
agent_named_rep0,42,sudden,19,store_id=30,True,dept_id=1114|dept_id=2008|dept_id=3020,False,False,False,False,
agent_named_rep0,42,gradual,0,state_id=Guayas,True,dept_id=2166|dept_id=6517|dept_id=4228,False,False,False,False,
agent_named_rep0,42,gradual,1,item_id=511394,True,dept_id=3020|dept_id=2226|dept_id=6960,False,False,False,False,
agent_named_rep0,42,gradual,2,cat_id=BABY CARE,True,dept_id=2166|dept_id=4228|dept_id=4214,False,False,False,False,
agent_named_rep0,42,gradual,3,state_id=Esmeraldas,True,dept_id=2166|dept_id=2986|dept_id=4214,False,False,False,False,
agent_named_rep0,42,gradual,4,store_id=32,True,dept_id=2166|dept_id=2986|dept_id=4214,False,False,False,False,
agent_named_rep0,42,gradual,5,state_id=Chimborazo,True,dept_id=2718|dept_id=2028|dept_id=2008,False,False,False,False,
agent_named_rep0,42,gradual,6,item_id=1913055,True,dept_id=3020|dept_id=2226|dept_id=2906,False,False,False,False,
agent_named_rep0,42,gradual,7,dept_id=2752,True,dept_id=2166|dept_id=2986|dept_id=4214,False,False,False,False,
agent_named_rep0,42,gradual,8,dept_id=2966,True,dept_id=2008|dept_id=2012|dept_id=1114,False,False,False,False,
agent_named_rep0,42,gradual,9,dept_id=4250,True,dept_id=2166|dept_id=6517|dept_id=4228,False,False,False,False,
agent_named_rep0,42,gradual,10,state_id=Bolivar,True,dept_id=2166|dept_id=2008|dept_id=2178,False,False,False,False,
agent_named_rep0,42,gradual,11,state_id=Cotopaxi,True,dept_id=2166|dept_id=2008|dept_id=2178,False,False,False,False,
agent_named_rep0,42,gradual,12,state_id=Pastaza,True,dept_id=2166|dept_id=6517|dept_id=2178,False,False,False,False,
agent_named_rep0,42,gradual,13,cat_id=MEATS,True,dept_id=2166|dept_id=6517|dept_id=4228,False,False,False,False,
agent_named_rep0,42,gradual,14,item_id=1366212,True,dept_id=2986|store_id=52|dept_id=1114,False,False,False,False,
agent_named_rep0,42,gradual,15,item_id=1913055,True,store_id=52|dept_id=2986|dept_id=2166,False,False,False,False,
agent_named_rep0,42,gradual,16,item_id=1974848,True,dept_id=1114|dept_id=3020|dept_id=2008,False,False,False,False,
agent_named_rep0,42,gradual,17,dept_id=2986,True,dept_id=2718|dept_id=2008|dept_id=6517,False,False,False,False,
agent_named_rep0,42,gradual,18,store_id=47,True,dept_id=6517|dept_id=2718|dept_id=2008,False,False,False,False,
agent_named_rep0,42,gradual,19,store_id=24,True,dept_id=2008|dept_id=2166|dept_id=6517,False,False,False,False,
agent_named_rep0,42,intermittent,0,item_id=850388,True,dept_id=2226|dept_id=3020|dept_id=2028,False,True,False,True,
agent_named_rep0,42,intermittent,1,item_id=315463,True,dept_id=2008|dept_id=6517|dept_id=2166,False,False,False,False,
agent_named_rep0,42,intermittent,2,item_id=1386120,True,dept_id=3020|dept_id=6246|dept_id=2906,False,False,False,True,
agent_named_rep0,42,intermittent,3,item_id=2004738,True,dept_id=2166|dept_id=2986|dept_id=4214,False,False,False,False,
agent_named_rep0,42,intermittent,4,item_id=583973,True,dept_id=3020|dept_id=2226|dept_id=2028,False,False,False,False,
agent_named_rep0,42,intermittent,5,item_id=2045280,True,dept_id=3020|dept_id=2226|dept_id=6960,False,False,False,False,
agent_named_rep0,42,intermittent,6,item_id=818590,True,dept_id=2166|dept_id=4228|dept_id=4214,False,False,False,False,
agent_named_rep0,42,intermittent,7,item_id=2002043,True,dept_id=2008|dept_id=2166|dept_id=6517,False,False,False,False,
agent_named_rep0,42,intermittent,8,item_id=2054291,True,dept_id=3020|dept_id=1114|dept_id=2226,False,False,False,True,
agent_named_rep0,42,intermittent,9,item_id=1584295,True,dept_id=2166|dept_id=2850|dept_id=4228,False,False,False,False,
agent_named_rep0,42,intermittent,10,item_id=1386120,True,dept_id=3020|dept_id=1114|dept_id=2986,False,False,False,False,
agent_named_rep0,42,intermittent,11,item_id=741201,True,dept_id=3020|dept_id=2226|dept_id=2028,False,False,False,False,
agent_named_rep0,42,intermittent,12,item_id=813769,True,dept_id=2166|dept_id=4214|dept_id=4228,False,False,False,False,
agent_named_rep0,42,intermittent,13,item_id=1167188,True,dept_id=3020|dept_id=1114|dept_id=2008,False,False,False,False,
agent_named_rep0,42,intermittent,14,item_id=1695956,True,dept_id=3020|dept_id=2226|dept_id=6960,False,False,False,False,
agent_named_rep0,42,intermittent,15,item_id=2086882,True,dept_id=2166|dept_id=2986|store_id=52,False,True,False,True,
agent_named_rep0,42,intermittent,16,item_id=1717269,True,dept_id=2166|dept_id=6517|dept_id=4228,False,False,False,False,
agent_named_rep0,42,intermittent,17,item_id=1584307,True,dept_id=2718|dept_id=6960|dept_id=2008,False,False,False,False,
agent_named_rep0,42,intermittent,18,item_id=857332,True,dept_id=3020|dept_id=2226|dept_id=2028,False,False,False,False,
agent_named_rep0,42,intermittent,19,item_id=1247036,True,dept_id=2864|dept_id=3020|dept_id=2718,False,True,False,True,
agent_named_rep4,42,sudden,0,store_id=17,True,store_id=52|dept_id=2986|cat_id=PREPARED FOODS,False,False,False,False,
agent_named_rep4,42,sudden,1,state_id=Chimborazo,True,dept_id=2986|store_id=52|cat_id=PREPARED FOODS,False,False,False,False,
agent_named_rep4,42,sudden,2,state_id=Manabi,True,dept_id=2166|dept_id=2986|dept_id=4214,False,False,False,False,
agent_named_rep4,42,sudden,3,cat_id=SCHOOL AND OFFICE SUPPLIES,True,dept_id=3020|dept_id=2226|dept_id=2906,False,False,False,False,
agent_named_rep4,42,sudden,4,dept_id=6810,True,dept_id=3020|dept_id=1114|dept_id=2008,False,False,False,False,
agent_named_rep4,42,sudden,5,cat_id=HOME APPLIANCES,True,dept_id=6517|dept_id=2008|dept_id=2028,False,False,False,False,5
agent_named_rep4,42,sudden,6,store_id=54,True,dept_id=2166|dept_id=2986|store_id=52,False,False,False,False,
agent_named_rep4,42,sudden,7,item_id=509877,True,dept_id=2166|dept_id=6517|dept_id=4228,False,False,False,False,
agent_named_rep4,42,sudden,8,item_id=1366212,True,dept_id=2008|dept_id=6517|dept_id=2028,False,False,False,False,
agent_named_rep4,42,sudden,9,state_id=Los Rios,True,dept_id=2166|dept_id=6517|dept_id=4228,False,False,False,False,
agent_named_rep4,42,sudden,10,state_id=Bolivar,True,dept_id=2166|dept_id=2008|dept_id=2178,False,False,False,False,
agent_named_rep4,42,sudden,11,cat_id=CLEANING,True,dept_id=2986|dept_id=1114|store_id=52,False,False,False,False,
agent_named_rep4,42,sudden,12,item_id=804098,True,dept_id=2166|dept_id=6517|dept_id=4228,False,False,False,False,
agent_named_rep4,42,sudden,13,item_id=2010972,True,dept_id=2166|dept_id=2178|dept_id=2008,False,False,False,False,
agent_named_rep4,42,sudden,14,item_id=1348487,True,dept_id=3020|dept_id=1114|dept_id=2008,False,False,False,False,
agent_named_rep4,42,sudden,15,dept_id=5222,True,dept_id=2986|store_id=52|dept_id=1114,False,False,False,False,
agent_named_rep4,42,sudden,16,dept_id=4138,True,dept_id=2166|dept_id=2008|dept_id=2178,False,False,False,False,
agent_named_rep4,42,sudden,17,state_id=El Oro,True,dept_id=2008|dept_id=2012|dept_id=6960,False,False,False,False,
agent_named_rep4,42,sudden,18,cat_id=PET SUPPLIES,True,dept_id=3020|dept_id=2226|dept_id=2028,False,False,False,False,
agent_named_rep4,42,sudden,19,store_id=30,True,dept_id=1114|dept_id=2008|dept_id=3020,False,False,False,False,
agent_named_rep4,42,gradual,0,state_id=Guayas,True,dept_id=2166|dept_id=6517|dept_id=4228,False,False,False,False,
agent_named_rep4,42,gradual,1,item_id=511394,True,dept_id=3020|dept_id=2226|dept_id=6960,False,False,False,False,
agent_named_rep4,42,gradual,2,cat_id=BABY CARE,True,dept_id=2166|dept_id=4228|dept_id=4214,False,False,False,False,
agent_named_rep4,42,gradual,3,state_id=Esmeraldas,True,dept_id=2166|dept_id=2986|dept_id=4214,False,False,False,False,
agent_named_rep4,42,gradual,4,store_id=32,True,dept_id=2166|dept_id=2986|dept_id=4214,False,False,False,False,
agent_named_rep4,42,gradual,5,state_id=Chimborazo,True,dept_id=2718|dept_id=2028|dept_id=2008,False,False,False,False,
agent_named_rep4,42,gradual,6,item_id=1913055,True,dept_id=3020|dept_id=2226|dept_id=2906,False,False,False,False,
agent_named_rep4,42,gradual,7,dept_id=2752,True,dept_id=2166|dept_id=2986|dept_id=4214,False,False,False,False,
agent_named_rep4,42,gradual,8,dept_id=2966,True,dept_id=2008|dept_id=2012|dept_id=1114,False,False,False,False,
agent_named_rep4,42,gradual,9,dept_id=4250,True,dept_id=2166|dept_id=6517|dept_id=4228,False,False,False,False,
agent_named_rep4,42,gradual,10,state_id=Bolivar,True,dept_id=2166|dept_id=2008|dept_id=2178,False,False,False,False,
agent_named_rep4,42,gradual,11,state_id=Cotopaxi,True,dept_id=2166|dept_id=2008|dept_id=2178,False,False,False,False,
agent_named_rep4,42,gradual,12,state_id=Pastaza,True,dept_id=2166|dept_id=6517|dept_id=2178,False,False,False,False,
agent_named_rep4,42,gradual,13,cat_id=MEATS,True,dept_id=2166|dept_id=6517|dept_id=4228,False,False,False,False,
agent_named_rep4,42,gradual,14,item_id=1366212,True,dept_id=2986|store_id=52|dept_id=1114,False,False,False,False,
agent_named_rep4,42,gradual,15,item_id=1913055,True,store_id=52|dept_id=2986|dept_id=2166,False,False,False,False,
agent_named_rep4,42,gradual,16,item_id=1974848,True,dept_id=1114|dept_id=3020|dept_id=2008,False,False,False,False,
agent_named_rep4,42,gradual,17,dept_id=2986,True,dept_id=2718|dept_id=2008|dept_id=6517,False,False,False,False,
agent_named_rep4,42,gradual,18,store_id=47,True,dept_id=6517|dept_id=2718|dept_id=2008,False,False,False,False,
agent_named_rep4,42,gradual,19,store_id=24,True,dept_id=2008|dept_id=2166|dept_id=6517,False,False,False,False,
agent_named_rep4,42,intermittent,0,item_id=850388,True,dept_id=2226|dept_id=3020|dept_id=2028,False,True,False,True,
agent_named_rep4,42,intermittent,1,item_id=315463,True,dept_id=2008|dept_id=6517|dept_id=2166,False,False,False,False,
agent_named_rep4,42,intermittent,2,item_id=1386120,True,dept_id=3020|dept_id=6246|dept_id=2906,False,False,False,True,
agent_named_rep4,42,intermittent,3,item_id=2004738,True,dept_id=2166|dept_id=2986|dept_id=4214,False,False,False,False,
agent_named_rep4,42,intermittent,4,item_id=583973,True,dept_id=3020|dept_id=2226|dept_id=2028,False,False,False,False,
agent_named_rep4,42,intermittent,5,item_id=2045280,True,dept_id=3020|dept_id=2226|dept_id=6960,False,False,False,False,
agent_named_rep4,42,intermittent,6,item_id=818590,True,dept_id=2166|dept_id=4228|dept_id=4214,False,False,False,False,
agent_named_rep4,42,intermittent,7,item_id=2002043,True,dept_id=2008|dept_id=2166|dept_id=6517,False,False,False,False,
agent_named_rep4,42,intermittent,8,item_id=2054291,True,dept_id=3020|dept_id=1114|dept_id=2226,False,False,False,True,
agent_named_rep4,42,intermittent,9,item_id=1584295,True,dept_id=2166|dept_id=2850|dept_id=4228,False,False,False,False,
agent_named_rep4,42,intermittent,10,item_id=1386120,True,dept_id=3020|dept_id=1114|dept_id=2986,False,False,False,False,
agent_named_rep4,42,intermittent,11,item_id=741201,True,dept_id=3020|dept_id=2226|dept_id=2028,False,False,False,False,
agent_named_rep4,42,intermittent,12,item_id=813769,True,dept_id=2166|dept_id=4214|dept_id=4228,False,False,False,False,
agent_named_rep4,42,intermittent,13,item_id=1167188,True,dept_id=3020|dept_id=1114|dept_id=2008,False,False,False,False,
agent_named_rep4,42,intermittent,14,item_id=1695956,True,dept_id=3020|dept_id=2226|dept_id=6960,False,False,False,False,
agent_named_rep4,42,intermittent,15,item_id=2086882,True,dept_id=2166|dept_id=2986|store_id=52,False,True,False,True,
agent_named_rep4,42,intermittent,16,item_id=1717269,True,dept_id=2166|dept_id=6517|dept_id=4228,False,False,False,False,
agent_named_rep4,42,intermittent,17,item_id=1584307,True,dept_id=2718|dept_id=6960|dept_id=2008,False,False,False,False,
agent_named_rep4,42,intermittent,18,item_id=857332,True,dept_id=3020|dept_id=2226|dept_id=2028,False,False,False,False,
agent_named_rep4,42,intermittent,19,item_id=1247036,True,dept_id=2864|dept_id=3020|dept_id=2718,False,True,False,True,
agent_obscured_rep0,42,sudden,0,store_id=17,True,store_id=52|state_id=12|store_id=17,False,False,True,True,3
agent_obscured_rep0,42,sudden,1,state_id=6,True,store_id=52|state_id=11|store_id=11,False,False,False,True,
agent_obscured_rep0,42,sudden,2,state_id=14,True,store_id=52|store_id=50|store_id=46,False,False,False,True,4
agent_obscured_rep0,42,sudden,3,cat_id=ALL,True,store_id=25|store_id=19|store_id=29,False,False,False,False,
agent_obscured_rep0,42,sudden,4,dept_id=ALL,True,store_id=19|store_id=46|store_id=22,False,False,False,False,
agent_obscured_rep0,42,sudden,5,cat_id=ALL,True,store_id=39|store_id=41|store_id=52,False,False,False,False,
agent_obscured_rep0,42,sudden,6,store_id=54,True,store_id=52|store_id=54|state_id=11,False,False,True,True,2
agent_obscured_rep0,42,sudden,7,item_id=509877,True,store_id=52|store_id=36|store_id=35,False,False,False,False,
agent_obscured_rep0,42,sudden,8,item_id=1366212,True,item_id=2056876|item_id=1717271|item_id=1717269,False,False,False,False,
agent_obscured_rep0,42,sudden,9,state_id=4,True,store_id=38|store_id=41|state_id=4,False,True,True,True,3
agent_obscured_rep0,42,sudden,10,state_id=12,True,state_id=12|store_id=17|store_id=15,True,True,True,True,1
agent_obscured_rep0,42,sudden,11,cat_id=ALL,True,store_id=52|store_id=34|store_id=33,False,False,False,False,
agent_obscured_rep0,42,sudden,12,item_id=804098,True,store_id=36|store_id=35|store_id=15,False,False,False,False,
agent_obscured_rep0,42,sudden,13,item_id=2010972,True,store_id=32|store_id=36|store_id=15,False,False,False,False,
agent_obscured_rep0,42,sudden,14,item_id=1348487,True,item_id=2081161|item_id=2056876|item_id=1503117,False,False,False,False,
agent_obscured_rep0,42,sudden,15,dept_id=ALL,True,store_id=52|store_id=33|store_id=34,False,False,False,False,
agent_obscured_rep0,42,sudden,16,dept_id=ALL,True,store_id=40|store_id=11|store_id=48,False,False,False,False,
agent_obscured_rep0,42,sudden,17,state_id=5,True,state_id=5|store_id=44|store_id=33,True,True,True,True,1
agent_obscured_rep0,42,sudden,18,cat_id=ALL,True,state_id=12|store_id=17|store_id=7,False,False,False,False,
agent_obscured_rep0,42,sudden,19,store_id=30,True,item_id=2081161|item_id=2056876|item_id=546043,False,False,False,False,
agent_obscured_rep0,42,gradual,0,state_id=1,True,store_id=24|store_id=27|state_id=1,False,True,True,True,3
agent_obscured_rep0,42,gradual,1,item_id=511394,True,item_id=2049003|item_id=1368479|item_id=261053,False,False,False,False,
agent_obscured_rep0,42,gradual,2,cat_id=ALL,True,store_id=34|store_id=40|store_id=33,False,False,False,False,
agent_obscured_rep0,42,gradual,3,state_id=11,True,store_id=52|state_id=11|store_id=49,False,True,True,True,2
agent_obscured_rep0,42,gradual,4,store_id=32,True,store_id=52|state_id=11|store_id=32,False,False,True,True,3
agent_obscured_rep0,42,gradual,5,state_id=6,True,store_id=11|store_id=39|store_id=20,False,True,False,True,5
agent_obscured_rep0,42,gradual,6,item_id=1913055,True,item_id=2049003|item_id=1368479|item_id=546043,False,False,False,False,
agent_obscured_rep0,42,gradual,7,dept_id=ALL,True,store_id=52|store_id=34|store_id=33,False,False,False,False,
agent_obscured_rep0,42,gradual,8,dept_id=ALL,True,store_id=19|store_id=40|store_id=34,False,False,False,False,
agent_obscured_rep0,42,gradual,9,dept_id=ALL,True,store_id=34|store_id=40|store_id=33,False,False,False,False,
agent_obscured_rep0,42,gradual,10,state_id=16,True,state_id=16|store_id=18|store_id=36,True,True,True,True,1
agent_obscured_rep0,42,gradual,11,state_id=6,True,store_id=11|store_id=20|store_id=21,False,True,False,True,4
agent_obscured_rep0,42,gradual,12,state_id=16,True,state_id=16|store_id=18|store_id=36,True,True,True,True,1
agent_obscured_rep0,42,gradual,13,cat_id=ALL,True,store_id=33|store_id=29|store_id=34,False,False,False,False,
agent_obscured_rep0,42,gradual,14,item_id=1366212,True,store_id=52|state_id=11|store_id=35,False,False,False,False,
agent_obscured_rep0,42,gradual,15,item_id=1913055,True,store_id=52|state_id=11|store_id=25,False,False,False,False,
agent_obscured_rep0,42,gradual,16,item_id=1974848,True,item_id=2081161|item_id=2056876|item_id=1503117,False,False,False,False,
agent_obscured_rep0,42,gradual,17,dept_id=ALL,True,store_id=19|store_id=40|store_id=34,False,False,False,False,
agent_obscured_rep0,42,gradual,18,store_id=47,True,item_id=2056876|item_id=1717271|item_id=1717269,False,False,False,False,
agent_obscured_rep0,42,gradual,19,store_id=24,True,store_id=24|store_id=15|store_id=11,True,True,True,True,1
agent_obscured_rep0,42,intermittent,0,item_id=850388,True,item_id=2049003|item_id=261053|item_id=1963740,False,False,False,False,
agent_obscured_rep0,42,intermittent,1,item_id=315463,True,store_id=11|store_id=15|store_id=32,False,False,False,False,
agent_obscured_rep0,42,intermittent,2,item_id=1386120,True,store_id=32|store_id=48|store_id=47,False,False,False,False,
agent_obscured_rep0,42,intermittent,3,item_id=2004738,True,store_id=52|state_id=11|store_id=14,False,False,False,False,
agent_obscured_rep0,42,intermittent,4,item_id=583973,True,item_id=2049003|item_id=583973|item_id=261053,False,False,True,True,2
agent_obscured_rep0,42,intermittent,5,item_id=2045280,True,item_id=2049003|item_id=2045280|item_id=1368479,False,False,True,True,2
agent_obscured_rep0,42,intermittent,6,item_id=818590,True,store_id=52|state_id=12|store_id=17,False,False,False,False,
agent_obscured_rep0,42,intermittent,7,item_id=2002043,True,store_id=15|store_id=11|store_id=31,False,False,False,False,
agent_obscured_rep0,42,intermittent,8,item_id=2054291,True,store_id=32|store_id=10|store_id=16,False,False,False,False,
agent_obscured_rep0,42,intermittent,9,item_id=1584295,True,store_id=52|store_id=36|state_id=12,False,False,False,False,
agent_obscured_rep0,42,intermittent,10,item_id=1386120,True,item_id=2081161|item_id=2056876|item_id=1386120,False,False,True,True,3
agent_obscured_rep0,42,intermittent,11,item_id=741201,True,item_id=2049003|item_id=741201|item_id=261053,False,False,True,True,2
agent_obscured_rep0,42,intermittent,12,item_id=813769,True,store_id=52|state_id=11|store_id=14,False,False,False,False,
agent_obscured_rep0,42,intermittent,13,item_id=1167188,True,item_id=2081161|item_id=2056876|item_id=1167188,False,False,True,True,3
agent_obscured_rep0,42,intermittent,14,item_id=1695956,True,item_id=2049003|item_id=1368479|item_id=1695956,False,False,True,True,3
agent_obscured_rep0,42,intermittent,15,item_id=2086882,True,store_id=52|state_id=11|store_id=30,False,False,False,False,
agent_obscured_rep0,42,intermittent,16,item_id=1717269,True,store_id=52|store_id=36|store_id=25,False,False,False,False,
agent_obscured_rep0,42,intermittent,17,item_id=1584307,True,store_id=47|store_id=33|store_id=32,False,False,False,False,
agent_obscured_rep0,42,intermittent,18,item_id=857332,True,item_id=2049003|item_id=1368479|item_id=857332,False,False,True,True,3
agent_obscured_rep0,42,intermittent,19,item_id=1247036,True,store_id=47|store_id=48|store_id=29,False,False,False,False,
agent_obscured_rep4,42,sudden,0,store_id=17,True,store_id=52|state_id=12|store_id=17,False,False,True,True,3
agent_obscured_rep4,42,sudden,1,state_id=6,True,store_id=52|state_id=11|store_id=11,False,False,False,True,
agent_obscured_rep4,42,sudden,2,state_id=14,True,store_id=52|store_id=50|store_id=46,False,False,False,True,4
agent_obscured_rep4,42,sudden,3,cat_id=ALL,True,store_id=25|store_id=19|store_id=29,False,False,False,False,
agent_obscured_rep4,42,sudden,4,dept_id=ALL,True,store_id=19|store_id=46|store_id=22,False,False,False,False,
agent_obscured_rep4,42,sudden,5,cat_id=ALL,True,store_id=39|store_id=41|store_id=52,False,False,False,False,
agent_obscured_rep4,42,sudden,6,store_id=54,True,store_id=52|store_id=54|state_id=11,False,False,True,True,2
agent_obscured_rep4,42,sudden,7,item_id=509877,True,store_id=52|store_id=36|store_id=35,False,False,False,False,
agent_obscured_rep4,42,sudden,8,item_id=1366212,True,item_id=2056876|item_id=1717271|item_id=1717269,False,False,False,False,
agent_obscured_rep4,42,sudden,9,state_id=4,True,store_id=38|store_id=41|state_id=4,False,True,True,True,3
agent_obscured_rep4,42,sudden,10,state_id=12,True,state_id=12|store_id=17|store_id=15,True,True,True,True,1
agent_obscured_rep4,42,sudden,11,cat_id=ALL,True,store_id=52|store_id=34|store_id=33,False,False,False,False,
agent_obscured_rep4,42,sudden,12,item_id=804098,True,store_id=36|store_id=35|store_id=15,False,False,False,False,
agent_obscured_rep4,42,sudden,13,item_id=2010972,True,store_id=32|store_id=36|store_id=15,False,False,False,False,
agent_obscured_rep4,42,sudden,14,item_id=1348487,True,item_id=2081161|item_id=2056876|item_id=1503117,False,False,False,False,
agent_obscured_rep4,42,sudden,15,dept_id=ALL,True,store_id=52|store_id=33|store_id=34,False,False,False,False,
agent_obscured_rep4,42,sudden,16,dept_id=ALL,True,store_id=40|store_id=11|store_id=48,False,False,False,False,
agent_obscured_rep4,42,sudden,17,state_id=5,True,state_id=5|store_id=44|store_id=33,True,True,True,True,1
agent_obscured_rep4,42,sudden,18,cat_id=ALL,True,state_id=12|store_id=17|store_id=7,False,False,False,False,
agent_obscured_rep4,42,sudden,19,store_id=30,True,item_id=2081161|item_id=2056876|item_id=546043,False,False,False,False,
agent_obscured_rep4,42,gradual,0,state_id=1,True,store_id=24|store_id=27|state_id=1,False,True,True,True,3
agent_obscured_rep4,42,gradual,1,item_id=511394,True,item_id=2049003|item_id=1368479|item_id=261053,False,False,False,False,
agent_obscured_rep4,42,gradual,2,cat_id=ALL,True,store_id=34|store_id=40|store_id=33,False,False,False,False,
agent_obscured_rep4,42,gradual,3,state_id=11,True,store_id=52|state_id=11|store_id=49,False,True,True,True,2
agent_obscured_rep4,42,gradual,4,store_id=32,True,store_id=52|state_id=11|store_id=32,False,False,True,True,3
agent_obscured_rep4,42,gradual,5,state_id=6,True,store_id=11|store_id=39|store_id=20,False,True,False,True,5
agent_obscured_rep4,42,gradual,6,item_id=1913055,True,item_id=2049003|item_id=1368479|item_id=546043,False,False,False,False,
agent_obscured_rep4,42,gradual,7,dept_id=ALL,True,store_id=52|store_id=34|store_id=33,False,False,False,False,
agent_obscured_rep4,42,gradual,8,dept_id=ALL,True,store_id=19|store_id=40|store_id=34,False,False,False,False,
agent_obscured_rep4,42,gradual,9,dept_id=ALL,True,store_id=34|store_id=40|store_id=33,False,False,False,False,
agent_obscured_rep4,42,gradual,10,state_id=16,True,state_id=16|store_id=18|store_id=36,True,True,True,True,1
agent_obscured_rep4,42,gradual,11,state_id=6,True,store_id=11|store_id=20|store_id=21,False,True,False,True,4
agent_obscured_rep4,42,gradual,12,state_id=16,True,state_id=16|store_id=18|store_id=36,True,True,True,True,1
agent_obscured_rep4,42,gradual,13,cat_id=ALL,True,store_id=33|store_id=29|store_id=34,False,False,False,False,
agent_obscured_rep4,42,gradual,14,item_id=1366212,True,store_id=52|state_id=11|store_id=35,False,False,False,False,
agent_obscured_rep4,42,gradual,15,item_id=1913055,True,store_id=52|state_id=11|store_id=25,False,False,False,False,
agent_obscured_rep4,42,gradual,16,item_id=1974848,True,item_id=2081161|item_id=2056876|item_id=1503117,False,False,False,False,
agent_obscured_rep4,42,gradual,17,dept_id=ALL,True,store_id=19|store_id=40|store_id=34,False,False,False,False,
agent_obscured_rep4,42,gradual,18,store_id=47,True,item_id=2056876|item_id=1717271|item_id=1717269,False,False,False,False,
agent_obscured_rep4,42,gradual,19,store_id=24,True,store_id=24|store_id=15|store_id=11,True,True,True,True,1
agent_obscured_rep4,42,intermittent,0,item_id=850388,True,item_id=2049003|item_id=261053|item_id=1963740,False,False,False,False,
agent_obscured_rep4,42,intermittent,1,item_id=315463,True,store_id=11|store_id=15|store_id=32,False,False,False,False,
agent_obscured_rep4,42,intermittent,2,item_id=1386120,True,store_id=32|store_id=48|store_id=47,False,False,False,False,
agent_obscured_rep4,42,intermittent,3,item_id=2004738,True,store_id=52|state_id=11|store_id=14,False,False,False,False,
agent_obscured_rep4,42,intermittent,4,item_id=583973,True,item_id=2049003|item_id=583973|item_id=261053,False,False,True,True,2
agent_obscured_rep4,42,intermittent,5,item_id=2045280,True,item_id=2049003|item_id=2045280|item_id=1368479,False,False,True,True,2
agent_obscured_rep4,42,intermittent,6,item_id=818590,True,store_id=52|state_id=12|store_id=17,False,False,False,False,
agent_obscured_rep4,42,intermittent,7,item_id=2002043,True,store_id=15|store_id=11|store_id=31,False,False,False,False,
agent_obscured_rep4,42,intermittent,8,item_id=2054291,True,store_id=32|store_id=10|store_id=16,False,False,False,False,
agent_obscured_rep4,42,intermittent,9,item_id=1584295,True,store_id=52|store_id=36|state_id=12,False,False,False,False,
agent_obscured_rep4,42,intermittent,10,item_id=1386120,True,item_id=2081161|item_id=2056876|item_id=1386120,False,False,True,True,3
agent_obscured_rep4,42,intermittent,11,item_id=741201,True,item_id=2049003|item_id=741201|item_id=261053,False,False,True,True,2
agent_obscured_rep4,42,intermittent,12,item_id=813769,True,store_id=52|state_id=11|store_id=14,False,False,False,False,
agent_obscured_rep4,42,intermittent,13,item_id=1167188,True,item_id=2081161|item_id=2056876|item_id=1167188,False,False,True,True,3
agent_obscured_rep4,42,intermittent,14,item_id=1695956,True,item_id=2049003|item_id=1368479|item_id=1695956,False,False,True,True,3
agent_obscured_rep4,42,intermittent,15,item_id=2086882,True,store_id=52|state_id=11|store_id=30,False,False,False,False,
agent_obscured_rep4,42,intermittent,16,item_id=1717269,True,store_id=52|store_id=36|store_id=25,False,False,False,False,
agent_obscured_rep4,42,intermittent,17,item_id=1584307,True,store_id=47|store_id=33|store_id=32,False,False,False,False,
agent_obscured_rep4,42,intermittent,18,item_id=857332,True,item_id=2049003|item_id=1368479|item_id=857332,False,False,True,True,3
agent_obscured_rep4,42,intermittent,19,item_id=1247036,True,store_id=47|store_id=48|store_id=29,False,False,False,False,
