label,parent,child,holds_in_data,note
agent_named_rep0,class,item_nbr,True,edge outside the scored levels (not penalised; for human rating)
agent_named_rep0,family,class,True,edge outside the scored levels (not penalised; for human rating)
agent_named_rep1,class,item_nbr,True,edge outside the scored levels (not penalised; for human rating)
agent_named_rep1,family,class,True,edge outside the scored levels (not penalised; for human rating)
agent_named_rep2,class,item_nbr,True,edge outside the scored levels (not penalised; for human rating)
agent_named_rep2,family,class,True,edge outside the scored levels (not penalised; for human rating)
agent_named_rep3,class,item_nbr,True,edge outside the scored levels (not penalised; for human rating)
agent_named_rep3,family,class,True,edge outside the scored levels (not penalised; for human rating)
agent_named_rep4,class,item_nbr,True,edge outside the scored levels (not penalised; for human rating)
agent_named_rep4,family,class,True,edge outside the scored levels (not penalised; for human rating)
agent_obscured_rep0,class,family,False,edge outside the scored levels (not penalised; for human rating)
agent_obscured_rep0,cluster,store_nbr,True,edge outside the scored levels (not penalised; for human rating)
agent_obscured_rep0,family,id,False,edge outside the scored levels (not penalised; for human rating)
agent_obscured_rep1,class,family,False,edge outside the scored levels (not penalised; for human rating)
agent_obscured_rep1,cluster,store_nbr,True,edge outside the scored levels (not penalised; for human rating)
agent_obscured_rep1,family,id,False,edge outside the scored levels (not penalised; for human rating)
agent_obscured_rep2,class,family,False,edge outside the scored levels (not penalised; for human rating)
agent_obscured_rep2,cluster,store_nbr,True,edge outside the scored levels (not penalised; for human rating)
agent_obscured_rep2,family,id,False,edge outside the scored levels (not penalised; for human rating)
agent_obscured_rep3,class,family,False,edge outside the scored levels (not penalised; for human rating)
agent_obscured_rep3,cluster,store_nbr,True,edge outside the scored levels (not penalised; for human rating)
agent_obscured_rep3,family,id,False,edge outside the scored levels (not penalised; for human rating)
agent_obscured_rep4,class,family,False,edge outside the scored levels (not penalised; for human rating)
agent_obscured_rep4,cluster,store_nbr,True,edge outside the scored levels (not penalised; for human rating)
agent_obscured_rep4,family,id,False,edge outside the scored levels (not penalised; for human rating)
baseline_named,city,store_nbr,True,edge outside the scored levels (not penalised; for human rating)
baseline_named,class,item_nbr,True,edge outside the scored levels (not penalised; for human rating)
baseline_named,cluster,store_nbr,True,edge outside the scored levels (not penalised; for human rating)
baseline_named,family,class,True,edge outside the scored levels (not penalised; for human rating)
baseline_named,perishable,family,True,cat_id = perishable group (adapter's choice)
baseline_named,state,city,True,edge outside the scored levels (not penalised; for human rating)
baseline_named,type,store_nbr,True,edge outside the scored levels (not penalised; for human rating)
baseline_obscured,city,store_nbr,True,edge outside the scored levels (not penalised; for human rating)
baseline_obscured,class,item_nbr,True,edge outside the scored levels (not penalised; for human rating)
baseline_obscured,cluster,store_nbr,True,edge outside the scored levels (not penalised; for human rating)
baseline_obscured,family,class,True,edge outside the scored levels (not penalised; for human rating)
baseline_obscured,perishable,family,True,cat_id = perishable group (adapter's choice)
baseline_obscured,state,city,True,edge outside the scored levels (not penalised; for human rating)
baseline_obscured,type,store_nbr,True,edge outside the scored levels (not penalised; for human rating)
