label,category,known,issue,evidence,handling
agent_named_rep0,negative_sales,True,Negative sales values,unit_sales contains 270 negative rows (has_negative tool).,Clamp negatives to zero or investigate data error; must be resolved before monitoring.
agent_named_rep0,omitted_zero_days,True,Sparse date coverage,Date range has 0.237% missing days (date_gaps tool).,Fill missing dates with zero sales for each store-item pair to maintain a complete daily panel.
agent_named_rep0,promotion_nulls,False,Missing promotion flags,onpromotion column has 17.0% null rate (null_rate tool).,Treat nulls as false or impute based on historical promotion patterns before building the panel.
agent_named_rep1,negative_sales,True,Negative sales values,unit_sales contains 270 negative rows (has_negative tool).,Clamp negatives to zero or investigate data error; must be resolved before monitoring.
agent_named_rep1,omitted_zero_days,True,Sparse date coverage,Date range has 0.237% missing days (date_gaps tool).,Fill missing dates with zero sales for each store-item pair to maintain a complete daily panel.
agent_named_rep1,promotion_nulls,False,Missing promotion flags,onpromotion column has 17.0% null rate (null_rate tool).,Treat nulls as false or impute based on historical promotion patterns before building the panel.
agent_named_rep2,negative_sales,True,Negative sales values,unit_sales contains 270 negative rows (has_negative tool).,Clamp negatives to zero or investigate data error; must be resolved before monitoring.
agent_named_rep2,omitted_zero_days,True,Sparse date coverage,Date range has 0.237% missing days (date_gaps tool).,Fill missing dates with zero sales for each store-item pair to maintain a complete daily panel.
agent_named_rep2,promotion_nulls,False,Missing promotion flags,onpromotion column has 17.0% null rate (null_rate tool).,Treat nulls as false or impute based on historical promotion patterns before building the panel.
agent_named_rep3,negative_sales,True,Negative sales values,unit_sales contains 270 negative rows (has_negative tool).,Clamp negatives to zero or investigate data error; must be resolved before monitoring.
agent_named_rep3,omitted_zero_days,True,Sparse date coverage,Date range has 0.237% missing days (date_gaps tool).,Fill missing dates with zero sales for each store-item pair to maintain a complete daily panel.
agent_named_rep3,promotion_nulls,False,Missing promotion flags,onpromotion column has 17.0% null rate (null_rate tool).,Treat nulls as false or impute based on historical promotion patterns before building the panel.
agent_named_rep4,negative_sales,True,Negative sales values,unit_sales contains 270 negative rows (has_negative tool).,Clamp negatives to zero or investigate data error; must be resolved before monitoring.
agent_named_rep4,omitted_zero_days,True,Sparse date coverage,Date range has 0.237% missing days (date_gaps tool).,Fill missing dates with zero sales for each store-item pair to maintain a complete daily panel.
agent_named_rep4,promotion_nulls,False,Missing promotion flags,onpromotion column has 17.0% null rate (null_rate tool).,Treat nulls as false or impute based on historical promotion patterns before building the panel.
agent_obscured_rep0,negative_sales,True,Negative values in unit_sales,"has_negative(unit_sales) → true (270 negatives, 5.4e‑05 % of rows).","If unit_sales is used downstream, replace negatives with 0 or flag them; they are not needed for the sales panel."
agent_obscured_rep0,omitted_zero_days,True,Sparse date coverage,date_gaps(date) → 0.24 % of days missing over the range 2013‑01‑01 to 2017‑08‑15.,"When building the daily panel, fill missing dates per store‑item with zero sales to obtain a complete time series."
agent_obscured_rep0,promotion_nulls,False,Missing values in onpromotion (promotion flag),value_counts(onpromotion) shows 100 % nulls (all rows have null).,Treat as missing promotion information; either drop the column or impute false.
agent_obscured_rep1,negative_sales,True,Negative values in unit_sales,"has_negative(unit_sales) → true (270 negatives, 5.4e‑05 % of rows).","If unit_sales is used downstream, replace negatives with 0 or flag them; they are not needed for the sales panel."
agent_obscured_rep1,omitted_zero_days,True,Sparse date coverage,date_gaps(date) → 0.24 % of days missing over the range 2013‑01‑01 to 2017‑08‑15.,"When building the daily panel, fill missing dates per store‑item with zero sales to obtain a complete time series."
agent_obscured_rep1,promotion_nulls,False,Missing values in onpromotion (promotion flag),value_counts(onpromotion) shows 100 % nulls (all rows have null).,Treat as missing promotion information; either drop the column or impute false.
agent_obscured_rep2,negative_sales,True,Negative values in unit_sales,"has_negative(unit_sales) → true (270 negatives, 5.4e‑05 % of rows).","If unit_sales is used downstream, replace negatives with 0 or flag them; they are not needed for the sales panel."
agent_obscured_rep2,omitted_zero_days,True,Sparse date coverage,date_gaps(date) → 0.24 % of days missing over the range 2013‑01‑01 to 2017‑08‑15.,"When building the daily panel, fill missing dates per store‑item with zero sales to obtain a complete time series."
agent_obscured_rep2,promotion_nulls,False,Missing values in onpromotion (promotion flag),value_counts(onpromotion) shows 100 % nulls (all rows have null).,Treat as missing promotion information; either drop the column or impute false.
agent_obscured_rep3,negative_sales,True,Negative values in unit_sales,"has_negative(unit_sales) → true (270 negatives, 5.4e‑05 % of rows).","If unit_sales is used downstream, replace negatives with 0 or flag them; they are not needed for the sales panel."
agent_obscured_rep3,omitted_zero_days,True,Sparse date coverage,date_gaps(date) → 0.24 % of days missing over the range 2013‑01‑01 to 2017‑08‑15.,"When building the daily panel, fill missing dates per store‑item with zero sales to obtain a complete time series."
agent_obscured_rep3,promotion_nulls,False,Missing values in onpromotion (promotion flag),value_counts(onpromotion) shows 100 % nulls (all rows have null).,Treat as missing promotion information; either drop the column or impute false.
agent_obscured_rep4,negative_sales,True,Negative values in unit_sales,"has_negative(unit_sales) → true (270 negatives, 5.4e‑05 % of rows).","If unit_sales is used downstream, replace negatives with 0 or flag them; they are not needed for the sales panel."
agent_obscured_rep4,omitted_zero_days,True,Sparse date coverage,date_gaps(date) → 0.24 % of days missing over the range 2013‑01‑01 to 2017‑08‑15.,"When building the daily panel, fill missing dates per store‑item with zero sales to obtain a complete time series."
agent_obscured_rep4,promotion_nulls,False,Missing values in onpromotion (promotion flag),value_counts(onpromotion) shows 100 % nulls (all rows have null).,Treat as missing promotion information; either drop the column or impute false.
baseline_named,negative_sales,True,negative values in the sales target,270 negative rows,clip to 0 or treat as returns
baseline_named,omitted_zero_days,True,per-group date gaps: rows absent for some item-store-days,mean share of days missing per group 0.354,reindex to a full daily grid and fill absent days with 0
baseline_named,absent_prices,True,no price-like column (no non-target fractional numeric column),checked fact and item files,fill price with a neutral constant
baseline_named,calendar_dates_missing_all_groups,False,calendar dates absent for every group,4 dates missing from the whole file,decide whether to fill these dates
baseline_named,promotion_nulls,False,nulls in fact column onpromotion,null rate 0.170,fill or drop
baseline_obscured,negative_sales,True,negative values in the sales target,270 negative rows,clip to 0 or treat as returns
baseline_obscured,omitted_zero_days,True,per-group date gaps: rows absent for some item-store-days,mean share of days missing per group 0.354,reindex to a full daily grid and fill absent days with 0
baseline_obscured,absent_prices,True,no price-like column (no non-target fractional numeric column),checked fact and item files,fill price with a neutral constant
baseline_obscured,calendar_dates_missing_all_groups,False,calendar dates absent for every group,4 dates missing from the whole file,decide whether to fill these dates
baseline_obscured,promotion_nulls,False,nulls in fact column onpromotion,null rate 0.170,fill or drop
