drift_type,trial,investigator_strict,investigator_hier,investigator_strict_top3,investigator_hier_top3,shap_strict,shap_hier,shap_strict_top3,shap_hier_top3,n_detected,investigator_strict_rate,investigator_strict_ci_lo,investigator_strict_ci_hi,investigator_hier_rate,investigator_hier_ci_lo,investigator_hier_ci_hi,investigator_strict_top3_rate,investigator_strict_top3_ci_lo,investigator_strict_top3_ci_hi,investigator_hier_top3_rate,investigator_hier_top3_ci_lo,investigator_hier_top3_ci_hi,shap_strict_rate,shap_strict_ci_lo,shap_strict_ci_hi,shap_hier_rate,shap_hier_ci_lo,shap_hier_ci_hi,shap_strict_top3_rate,shap_strict_top3_ci_lo,shap_strict_top3_ci_hi,shap_hier_top3_rate,shap_hier_top3_ci_lo,shap_hier_top3_ci_hi
sudden,0.0,True,True,True,True,False,False,False,False,,,,,,,,,,,,,,,,,,,,,,,,,
sudden,1.0,False,True,True,True,False,False,False,False,,,,,,,,,,,,,,,,,,,,,,,,,
sudden,2.0,False,True,True,True,False,False,False,False,,,,,,,,,,,,,,,,,,,,,,,,,
sudden,3.0,False,True,True,True,False,False,False,False,,,,,,,,,,,,,,,,,,,,,,,,,
sudden,4.0,True,True,True,True,False,False,False,False,,,,,,,,,,,,,,,,,,,,,,,,,
sudden,5.0,False,True,True,True,False,False,False,False,,,,,,,,,,,,,,,,,,,,,,,,,
sudden,6.0,True,True,True,True,False,False,False,False,,,,,,,,,,,,,,,,,,,,,,,,,
sudden,7.0,False,False,False,False,False,False,False,False,,,,,,,,,,,,,,,,,,,,,,,,,
sudden,8.0,False,False,False,False,False,False,False,False,,,,,,,,,,,,,,,,,,,,,,,,,
sudden,9.0,False,True,True,True,False,False,False,False,,,,,,,,,,,,,,,,,,,,,,,,,
sudden,10.0,False,True,True,True,False,False,False,False,,,,,,,,,,,,,,,,,,,,,,,,,
sudden,11.0,False,True,True,True,False,False,False,True,,,,,,,,,,,,,,,,,,,,,,,,,
sudden,12.0,False,False,False,False,False,False,False,False,,,,,,,,,,,,,,,,,,,,,,,,,
sudden,13.0,False,False,False,False,False,False,False,False,,,,,,,,,,,,,,,,,,,,,,,,,
sudden,14.0,False,False,False,False,False,False,False,False,,,,,,,,,,,,,,,,,,,,,,,,,
sudden,15.0,True,True,True,True,False,True,False,True,,,,,,,,,,,,,,,,,,,,,,,,,
sudden,16.0,True,True,True,True,False,False,False,False,,,,,,,,,,,,,,,,,,,,,,,,,
sudden,17.0,False,True,True,True,False,False,False,False,,,,,,,,,,,,,,,,,,,,,,,,,
sudden,18.0,False,True,True,True,False,True,False,True,,,,,,,,,,,,,,,,,,,,,,,,,
sudden,19.0,True,True,True,True,False,False,False,False,,,,,,,,,,,,,,,,,,,,,,,,,
sudden_SUMMARY,,,,,,,,,,20.0,0.3,0.1454772448676043,0.5189728183535235,0.75,0.531299122381256,0.8881382985923343,0.75,0.531299122381256,0.8881382985923343,0.75,0.531299122381256,0.8881382985923343,0.0,0.0,0.16112515805281938,0.1,0.027866481213768224,0.3010336452284873,0.0,0.0,0.16112515805281938,0.15,0.052368745896216595,0.36041886474075696
gradual,0.0,False,False,False,False,False,False,False,False,,,,,,,,,,,,,,,,,,,,,,,,,
gradual,1.0,False,False,False,False,False,False,False,False,,,,,,,,,,,,,,,,,,,,,,,,,
gradual,2.0,False,True,False,True,False,False,False,True,,,,,,,,,,,,,,,,,,,,,,,,,
gradual,3.0,False,True,True,True,False,False,False,False,,,,,,,,,,,,,,,,,,,,,,,,,
gradual,4.0,True,True,True,True,False,False,False,False,,,,,,,,,,,,,,,,,,,,,,,,,
gradual,5.0,False,True,False,True,False,False,False,False,,,,,,,,,,,,,,,,,,,,,,,,,
gradual,6.0,False,False,False,False,False,False,False,False,,,,,,,,,,,,,,,,,,,,,,,,,
gradual,7.0,True,True,True,True,False,False,False,False,,,,,,,,,,,,,,,,,,,,,,,,,
gradual,8.0,False,False,False,True,False,False,False,False,,,,,,,,,,,,,,,,,,,,,,,,,
gradual,9.0,True,True,True,True,False,False,False,True,,,,,,,,,,,,,,,,,,,,,,,,,
gradual,10.0,False,False,False,True,False,False,False,False,,,,,,,,,,,,,,,,,,,,,,,,,
gradual,11.0,False,True,False,True,False,False,False,False,,,,,,,,,,,,,,,,,,,,,,,,,
gradual,12.0,False,False,False,True,False,False,False,False,,,,,,,,,,,,,,,,,,,,,,,,,
gradual,13.0,False,True,True,True,False,True,False,True,,,,,,,,,,,,,,,,,,,,,,,,,
gradual,14.0,False,False,False,False,False,False,False,False,,,,,,,,,,,,,,,,,,,,,,,,,
gradual,15.0,False,False,False,False,False,False,False,False,,,,,,,,,,,,,,,,,,,,,,,,,
gradual,16.0,False,False,False,False,False,False,False,False,,,,,,,,,,,,,,,,,,,,,,,,,
gradual,17.0,True,True,True,True,False,False,False,False,,,,,,,,,,,,,,,,,,,,,,,,,
gradual,18.0,True,True,True,True,False,False,False,False,,,,,,,,,,,,,,,,,,,,,,,,,
gradual,19.0,False,False,False,False,False,False,False,False,,,,,,,,,,,,,,,,,,,,,,,,,
gradual_SUMMARY,,,,,,,,,,20.0,0.25,0.11186170140766569,0.468700877618744,0.5,0.2992980081982123,0.7007019918017877,0.35,0.18119182410108206,0.5671457233147638,0.65,0.43285427668523624,0.818808175898918,0.0,0.0,0.16112515805281938,0.05,0.008881448800795402,0.23613119344674205,0.0,0.0,0.16112515805281938,0.15,0.052368745896216595,0.36041886474075696
